Label,IEDB Label,Synonyms,Class Type,Parent,In Taxon,With Haplotype
LABEL,A OBI:9991118,A IAO:0000118 SPLIT=|,CLASS_TYPE,C %,C 'in taxon' some %,C 'haplotype member of' some %
BF protein complex with B12 haplotype,B12,,equivalent,protein complex,chicken,B12 haplotype
BF protein complex with B14 haplotype,B14,,equivalent,protein complex,chicken,B14 haplotype
BF protein complex with B15 haplotype,B15,,equivalent,protein complex,chicken,B15 haplotype
BF protein complex with B19 haplotype,B19,,equivalent,protein complex,chicken,B19 haplotype
BF protein complex with B2 haplotype,B2,,equivalent,protein complex,chicken,B2 haplotype
BF protein complex with B21 haplotype,B21,,equivalent,protein complex,chicken,B21 haplotype
BF protein complex with B4 haplotype,B4,,equivalent,protein complex,chicken,B4 haplotype
BF protein complex with BF19 haplotype,BF19,,equivalent,protein complex,chicken,BF19 haplotype
BF protein complex with BF21 haplotype,BF21,,equivalent,protein complex,chicken,BF21 haplotype
BF protein complex with YF1 haplotype,YF1,,equivalent,protein complex,chicken,YF1 haplotype
BoLA protein complex with DH22B haplotype,DH22B,,equivalent,protein complex,cattle,DH22B haplotype
BoLA protein complex with DH7A haplotype,DH7A,,equivalent,protein complex,cattle,DH7A haplotype
BoLA protein complex with DH8A haplotype,DH8A,,equivalent,protein complex,cattle,DH8A haplotype
ELA protein complex with A1 haplotype,A1,A1,equivalent,protein complex,horse,A1 haplotype
ELA protein complex with A3 haplotype,A3,A3,equivalent,protein complex,horse,A3 haplotype
ELA protein complex with A4 haplotype,A4,A4,equivalent,protein complex,horse,A4 haplotype
ELA protein complex with A5 haplotype,A5,A5,equivalent,protein complex,horse,A5 haplotype
ELA protein complex with A6 haplotype,A6,A6,equivalent,protein complex,horse,A6 haplotype
ELA protein complex with A7 haplotype,A7,A7,equivalent,protein complex,horse,A7 haplotype
ELA protein complex with A8 haplotype,A8,A8,equivalent,protein complex,horse,A8 haplotype
ELA protein complex with A9 haplotype,A9,A9,equivalent,protein complex,horse,A9 haplotype
ELA protein complex with W11 haplotype,W11,W11,equivalent,protein complex,horse,W11 haplotype
H-2 protein complex with H-2-a haplotype,H-2-a,,equivalent,protein complex,mouse,H-2-a haplotype
H-2 protein complex with H-2-b haplotype,H-2-b,,equivalent,protein complex,mouse,H-2-b haplotype
H-2 protein complex with H-2-d haplotype,H-2-d,,equivalent,protein complex,mouse,H-2-d haplotype
H-2 protein complex with H-2-f haplotype,H-2-f,,equivalent,protein complex,mouse,H-2-f haplotype
H-2 protein complex with H-2-g7 haplotype,H-2-g7,,equivalent,protein complex,mouse,H-2-g7 haplotype
H-2 protein complex with H-2-i haplotype,H-2-i,,equivalent,protein complex,mouse,H-2-i haplotype
H-2 protein complex with H-2-i3 haplotype,H-2-i3,,equivalent,protein complex,mouse,H-2-i3 haplotype
H-2 protein complex with H-2-k haplotype,H-2-k,,equivalent,protein complex,mouse,H-2-k haplotype
H-2 protein complex with H-2-p haplotype,H-2-p,,equivalent,protein complex,mouse,H-2-p haplotype
H-2 protein complex with H-2-q haplotype,H-2-q,,equivalent,protein complex,mouse,H-2-q haplotype
H-2 protein complex with H-2-r haplotype,H-2-r,,equivalent,protein complex,mouse,H-2-r haplotype
H-2 protein complex with H-2-s haplotype,H-2-s,,equivalent,protein complex,mouse,H-2-s haplotype
H-2 protein complex with H-2-u haplotype,H-2-u,,equivalent,protein complex,mouse,H-2-u haplotype
H-2 protein complex with H-2-v haplotype,H-2-v,,equivalent,protein complex,mouse,H-2-v haplotype
H-2 protein complex with H-2-wm haplotype,H-2-wm,,equivalent,protein complex,mouse,H-2-wm haplotype
H-2 protein complex with H-2-z haplotype,H-2-z,,equivalent,protein complex,mouse,H-2-z haplotype
H-2 protein complex with H-2-z/d haplotype,H-2-z/d,,equivalent,protein complex,mouse,H-2-z/d haplotype
RT1 protein complex with RT1-a haplotype,RT1-a,,equivalent,protein complex,rat,RT1-a haplotype
RT1 protein complex with RT1-av1 haplotype,RT1-av1,,equivalent,protein complex,rat,RT1-av1 haplotype
RT1 protein complex with RT1-k haplotype,RT1-k,,equivalent,protein complex,rat,RT1-k haplotype
RT1 protein complex with RT1-n haplotype,RT1-n,,equivalent,protein complex,rat,RT1-n haplotype
RT1 protein complex with RT1-u haplotype,RT1-u,,equivalent,protein complex,rat,RT1-u haplotype
RT1 protein complex with RT11 haplotype,RT11,RT1-1,equivalent,protein complex,rat,RT11 haplotype
RT1 protein complex with RT11v1 haplotype,RT11v1,,equivalent,protein complex,rat,RT11v1 haplotype
RT1 protein complex with RT1A haplotype,RT1A,,equivalent,protein complex,rat,RT1A haplotype
RT1 protein complex with RT1B1 haplotype,RT1B1,,equivalent,protein complex,rat,RT1B1 haplotype
SLA protein complex with z haplotype,z,,equivalent,protein complex,pig,z haplotype
cattle MHC protein complex with haplotype,cattle,,equivalent,protein complex,cattle,MHC haplotype
chicken MHC protein complex with haplotype,chicken,,equivalent,protein complex,chicken,MHC haplotype
horse MHC protein complex with haplotype,horse,,equivalent,protein complex,horse,MHC haplotype
mouse MHC protein complex with haplotype,mouse,,equivalent,protein complex,mouse,MHC haplotype
pig MHC protein complex with haplotype,pig,,equivalent,protein complex,pig,MHC haplotype
rat MHC protein complex with haplotype,rat,,equivalent,protein complex,rat,MHC haplotype
