Label	SubClass Of	Locus	definition	Class Type	definition source	allele
LABEL	SC %	C 'is located in genetic locus' some %	A IAO:0000115	CLASS_TYPE	A IAO_0000119	C %
HLA-A allele	human MHC class I allele 	HLA-A locus	allele for the HLA-A gene that is involved in immune responses and histocompatibility processes.	equivalent	NCIT:C28585	gene allele
HLA-B allele	human MHC class I allele 	HLA-B locus	allele for the HLA-B gene that  plays a role in both immune responses and histocompatibility processes.	equivalent	NCIT:C62778	gene allele
HLA-C allele	human MHC class I allele 	HLA-C locus	allele for the HLA-C gene that plays a role in both immune responses and histocompatibility processes.	equivalent	NCIT:C62758	gene allele
HLA-DPA1 allele	human MHC class II allele 	HLA-DPA locus	allele for the HLA-DPA1 gene that is involved in the regulation of both cellular immune responses and antigen presentation.	equivalent	NCIT:C71267	gene allele
HLA-DPB1 allele	human MHC class II allele 	HLA-DPB locus	allele for the HLA-DPB1 gene that plays a critical regulatory role in antigen presentation and peptide binding specificity.	equivalent	NCIT:C29953	gene allele
HLA-DQA1 allele	human MHC class II allele 	HLA-DQA locus	allele for the HLA-DQA1 gene that plays a role in antigen presentation and immunoregulation.	equivalent	NCIT:C71265	gene allele
HLA-DQB1 allele	human MHC class II allele 	HLA-DQB locus	allele for human HLA-DQB1 gene that is involved in the mediation of antigen presentation.	equivalent	NCIT:C70614	gene allele
HLA-DRA allele	human MHC class II allele 	HLA-DRA locus	allele for the HLA-DRA gene that plays a role in antigen presentation.	equivalent	NCIT:C101157	gene allele
HLA-DRB1 allele	human MHC class II allele 	HLA-DRB locus	"allele on the HLA-DRB1 gene, which is involved in immunoregulation and antigen presentation. The gene has several hundred alleles and polymorphism typing is routinely performed for bone marrow and kidney transplantation."	equivalent	NCIT:C19409	gene allele
HLA-DRB3 allele	human MHC class II allele 	HLA-DRB3 locus	allele for the HLA-DRB3 gene that is involved in immunoregulation and antigen presentation.	equivalent	NCIT:C71259	gene allele
HLA-DRB4 allele	human MHC class II allele 	HLA-DRB4 locus	allele for the HLA-DRB4 gene that plays a role in both antigen presentation and the regulation of T-cell-mediated immunity.	equivalent	NCIT:C71261	gene allele
HLA-DRB5 allele	human MHC class II allele 	HLA-DRB5 locus	allele for the HLA-DRB5 gene that is involved in the regulation of T-cell-mediated immunity and antigen presentation.	equivalent	NCIT:C71263	gene allele
HLA-E allele	human MHC class I allele 	HLA-E locus	allele for HLA-E gene.	equivalent		gene allele
HLA-F allele	human MHC class I allele 	HLA-F locus	allele for HLA-F gene that is involved in the presentation of cytoplasmic protein fragments to cytotoxic lymphocytes.	equivalent	NCIT:C124890	gene allele
HLA-G allele	human MHC class I allele 	HLA-G locus	allele for HLA-G gene that is involved in antigen processing and presentation.	equivalent	NCIT:C104316	gene allele
MHC Class I allele	Major Histocompatibility Complex allele	MHC class I locus	allele on a family of genes that encode major histocompatibility complex proteins and are involved in the presentation of cytoplasmic protein fragments to cytotoxic lymphocytes.	equivalent	NCIT:C16617
MHC Class II allele	Major Histocompatibility Complex allele	MHC class II locus	allele for a family of genes expressed mainly by antigen presenting cells that encode major histocompatibility complex proteins and are involved in the presentation of fragments from phagocytized extracellular proteins to cytotoxic lymphocytes.	equivalent	NCIT:C16616
Major Histocompatibility Complex allele	gene allele	MHC locus	"allele for gene that is on a group of linked loci, collectively termed H-2 complex in the mouse and HLA complex in humans, that codes for cell-surface histocompatibility antigens and is the principal determinant of tissue type and transplant compatibility."	equivalent	NCIT:C16812
human MHC class I allele	MHC Class I allele	human MHC class I locus	allele located at human MHC class I locus.	equivalent
human MHC class II allele	MHC Class II allele	human MHC class II locus	allele located at human MHC class II locus.	equivalent
