Label	IEDB Label	Synonyms	Class Type	Parent	In Taxon	Alpha Chain	Beta Chain	With Haplotype	With Serotype
LABEL	A OBI:9991118	A IAO:0000118 SPLIT=|	CLASS_TYPE	C %	C 'in taxon' some %	C 'has part' some %	C 'has part' some %	C 'haplotype member of' some %	C 'serotype member of' some %
BF-BF1 protein complex	BF-BF1		equivalent	MHC class I protein complex	chicken	BF-BF1 chain	Beta-2-microglobulin		
BF-BF2 protein complex	BF-BF2		equivalent	MHC class I protein complex	chicken	BF-BF2 chain	Beta-2-microglobulin		
BF1*0201 protein complex	BF1*0201	BF10201	equivalent	MHC class I protein complex	chicken	BF1*0201 chain	Beta-2-microglobulin		
BF2*0201 protein complex	BF2*0201	BF20201	equivalent	MHC class I protein complex	chicken	BF2*0201 chain	Beta-2-microglobulin	B2 haplotype	
BF2*0401 protein complex	BF2*0401	BF20401	equivalent	MHC class I protein complex	chicken	BF2*0401 chain	Beta-2-microglobulin	B4 haplotype	
BF2*1201 protein complex	BF2*1201	BF21201	equivalent	MHC class I protein complex	chicken	BF2*1201 chain	Beta-2-microglobulin	B12 haplotype	
BF2*1401 protein complex	BF2*1401	BF21401	equivalent	MHC class I protein complex	chicken	BF2*1401 chain	Beta-2-microglobulin	B14 haplotype	
BF2*1501 protein complex	BF2*1501	BF21501	equivalent	MHC class I protein complex	chicken	BF2*1501 chain	Beta-2-microglobulin	B15 haplotype	
BF2*2101 protein complex	BF2*2101	BF22101	equivalent	MHC class I protein complex	chicken	BF2*2101 chain	Beta-2-microglobulin	B21 haplotype	
BoLA-1 protein complex	BoLA-1		equivalent	MHC class I protein complex	cattle	BoLA-1 chain	Beta-2-microglobulin		
BoLA-1*02101 protein complex	BoLA-1*02101	N*02101|102101	equivalent	MHC class I protein complex	cattle	BoLA-1*02101 chain	Beta-2-microglobulin		BoLA-A31 serotype
BoLA-1*02301 protein complex	BoLA-1*02301	N*02301|102301	equivalent	MHC class I protein complex	cattle	BoLA-1*02301 chain	Beta-2-microglobulin		BoLA-A14 serotype
BoLA-2 protein complex	BoLA-2		equivalent	MHC class I protein complex	cattle	BoLA-2 chain	Beta-2-microglobulin		
BoLA-2*01201 protein complex	BoLA-2*01201	N*01201|201201	equivalent	MHC class I protein complex	cattle	BoLA-2*01201 chain	Beta-2-microglobulin		BoLA-A10 serotype
BoLA-2*01801 protein complex	BoLA-2*01801	N*01801|201801	equivalent	MHC class I protein complex	cattle	BoLA-2*01801 chain	Beta-2-microglobulin		BoLA-A11 serotype
BoLA-2*02201 protein complex	BoLA-2*02201	N*02201|202201	equivalent	MHC class I protein complex	cattle	BoLA-2*02201 chain	Beta-2-microglobulin		BoLA-A31 serotype
BoLA-3 protein complex	BoLA-3		equivalent	MHC class I protein complex	cattle	BoLA-3 chain	Beta-2-microglobulin		
BoLA-3*00101 protein complex	BoLA-3*00101	N*00101|300101	equivalent	MHC class I protein complex	cattle	BoLA-3*00101 chain	Beta-2-microglobulin		BoLA-A10 serotype
BoLA-3*00201 protein complex	BoLA-3*00201	N*00201|300201	equivalent	MHC class I protein complex	cattle	BoLA-3*00201 chain	Beta-2-microglobulin		BoLA-A10 serotype
BoLA-6 protein complex	BoLA-6		equivalent	MHC class I protein complex	cattle	BoLA-6 chain	Beta-2-microglobulin		
BoLA-6*01301 protein complex	BoLA-6*01301	HD6|N*01301|601301	equivalent	MHC class I protein complex	cattle	BoLA-6*01301 chain	Beta-2-microglobulin		BoLA-A18 serotype
BoLA-6*04101 protein complex	BoLA-6*04101	BoLA T2b|604101	equivalent	MHC class I protein complex	cattle	BoLA-6*04101 chain	Beta-2-microglobulin		
BoLA-DQ protein complex	BoLA-DQ		equivalent	MHC class II protein complex	cattle	BoLA-DQA chain	BoLA-DQB chain		
BoLA-DQA*0202 protein complex	BoLA-DQA*0202	BoLA-DQA1*0202|DQA0202	equivalent	MHC class II protein complex	cattle	BoLA-DQA*0202 chain	BoLA-DQB chain		
BoLA-DQA*0301 protein complex	BoLA-DQA*0301	BoLA-DQA1*0301|DQA0301	equivalent	MHC class II protein complex	cattle	BoLA-DQA*0301 chain	BoLA-DQB chain		
BoLA-DQA*0301/DQB*0402 protein complex	BoLA-DQA*0301/DQB*0402	DQA0301/DQB0402	equivalent	MHC class II protein complex	cattle	BoLA-DQA*0301 chain	BoLA-DQB*0402 chain		
BoLA-DQA*10011/DQB*10021 protein complex	BoLA-DQA*10011/DQB*10021	DQA10011/DQB10021	equivalent	MHC class II protein complex	cattle	BoLA-DQA*10011 chain	BoLA-DQB*10021 chain		
BoLA-DQA*12011/DQB*10051 protein complex	BoLA-DQA*12011/DQB*10051	DQA12011/DQB10051	equivalent	MHC class II protein complex	cattle	BoLA-DQA*12011 chain	BoLA-DQB*10051 chain		
BoLA-DQA*2201/DQB*1201 protein complex	BoLA-DQA*2201/DQB*1201	DQA2201/DQB1201	equivalent	MHC class II protein complex	cattle	BoLA-DQA*2201 chain	BoLA-DQB*1201 chain		
BoLA-DQA*2202/DQB*0901 protein complex	BoLA-DQA*2202/DQB*0901	DQA2202/DQB0901	equivalent	MHC class II protein complex	cattle	BoLA-DQA*2202 chain	BoLA-DQB*0901 chain		
BoLA-DQA*2202/DQB*1301 protein complex	BoLA-DQA*2202/DQB*1301	DQA2202/DQB1301	equivalent	MHC class II protein complex	cattle	BoLA-DQA*2202 chain	BoLA-DQB*1301 chain		
BoLA-DQA*2206/DQB*1301 protein complex	BoLA-DQA*2206/DQB*1301	DQA2206/DQB1301	equivalent	MHC class II protein complex	cattle	BoLA-DQA*2206 chain	BoLA-DQB*1301 chain		
BoLA-DQA*2206/DQB*1402 protein complex	BoLA-DQA*2206/DQB*1402	DQA2206/DQB1402	equivalent	MHC class II protein complex	cattle	BoLA-DQA*2206 chain	BoLA-DQB*1402 chain		
BoLA-DRB3 protein complex	BoLA-DRB3		equivalent	MHC class II protein complex	cattle	BoLA-DRA chain	BoLA-DRB3 chain		
BoLA-DRB3*0101 protein complex	BoLA-DRB3*0101	DRB30101	equivalent	MHC class II protein complex	cattle	BoLA-DRA chain	BoLA-DRB3*0101 chain		
BoLA-DRB3*0201 protein complex	BoLA-DRB3*0201	DRB30201	equivalent	MHC class II protein complex	cattle	BoLA-DRA chain	BoLA-DRB3*0201 chain	DH7A haplotype	
BoLA-DRB3*0701 protein complex	BoLA-DRB3*0701	DRB30701 	equivalent	MHC class II protein complex	cattle	BoLA-DRA chain	BoLA-DRB3*0701 chain		
BoLA-DRB3*1101 protein complex	BoLA-DRB3*1101	DRB31101	equivalent	MHC class II protein complex	cattle	BoLA-DRA chain	BoLA-DRB3*1101 chain	DH22B haplotype	
BoLA-DRB3*1201 protein complex	BoLA-DRB3*1201	DRB31201	equivalent	MHC class II protein complex	cattle	BoLA-DRA chain	BoLA-DRB3*1201 chain	DH8A haplotype	
BoLA-DRB3*1202 protein complex	BoLA-DRB3*1202	DRB31202	equivalent	MHC class II protein complex	cattle	BoLA-DRA chain	BoLA-DRB3*1202 chain		
BoLA-DRB3*14011 protein complex	BoLA-DRB3*14011	DRB314011	equivalent	MHC class II protein complex	cattle	BoLA-DRA chain	BoLA-DRB3*14011 chain		
BoLA-DRB3*1501 protein complex	BoLA-DRB3*1501	DRB31501	equivalent	MHC class II protein complex	cattle	BoLA-DRA chain	BoLA-DRB3*1501 chain		
BoLA-DRB3*1502 protein complex	BoLA-DRB3*1502	DRB31502	equivalent	MHC class II protein complex	cattle	BoLA-DRA chain	BoLA-DRB3*1502 chain		
BoLA-DRB3*2002 protein complex	BoLA-DRB3*2002	DRB32002	equivalent	MHC class II protein complex	cattle	BoLA-DRA chain	BoLA-DRB3*2002 chain		
BoLA-DRB3*2703 protein complex	BoLA-DRB3*2703	DRB32703	equivalent	MHC class II protein complex	cattle	BoLA-DRA chain	BoLA-DRB3*2703 chain		
BoLA-DRB3*3001 protein complex	BoLA-DRB3*3001	DRB33001	equivalent	MHC class II protein complex	cattle	BoLA-DRA chain	BoLA-DRB3*3001 chain		
BoLA-DRB3*4501 protein complex	BoLA-DRB3*4501	DRB34501	equivalent	MHC class II protein complex	cattle	BoLA-DRA chain	BoLA-DRB3*4501 chain		
DLA-88 protein complex	DLA-88		equivalent	MHC class I protein complex	dog	DLA-88 chain	Beta-2-microglobulin		
DLA-88*50801 protein complex	DLA-88*50801	dla88-21|8850801	equivalent	MHC class I protein complex	dog	DLA-88*50801 chain	Beta-2-microglobulin		
ELA-N protein complex	ELA-N		equivalent	MHC class I protein complex	horse	ELA-N chain	Beta-2-microglobulin		
Eqca-N*00602 protein complex	Eqca-N*00602	A1*7-6|Eqca-N00602	equivalent	MHC class I protein complex	horse	Eqca-N*00602 chain	Beta-2-microglobulin	A1 haplotype	
Gogo-B protein complex	Gogo-B		equivalent	MHC class I protein complex	gorilla	Gogo-B chain	Beta-2-microglobulin		
Gogo-B*0101 protein complex	Gogo-B*0101	B0101	equivalent	MHC class I protein complex	gorilla	Gogo-B*0101 chain	Beta-2-microglobulin		
H-2-D protein complex	H-2-D		equivalent	MHC class I protein complex	mouse	H-2-D chain	Beta-2-microglobulin		
H-2-Db protein complex	H-2-Db		equivalent	MHC class I protein complex	mouse	H-2-Db chain	Beta-2-microglobulin	H-2-b haplotype	
H-2-Dd protein complex	H-2-Dd		equivalent	MHC class I protein complex	mouse	H-2-Dd chain	Beta-2-microglobulin	H-2-d haplotype	
H-2-Dk protein complex	H-2-Dk		equivalent	MHC class I protein complex	mouse	H-2-Dk chain	Beta-2-microglobulin	H-2-k haplotype	
H-2-Dr protein complex	H-2-Dr		equivalent	MHC class I protein complex	mouse	H-2-Dr chain	Beta-2-microglobulin	H-2-r haplotype	
H-2-Ds protein complex	H-2-Ds		equivalent	MHC class I protein complex	mouse	H-2-Ds chain	Beta-2-microglobulin	H-2-s haplotype	
H-2-IA protein complex	H-2-IA		equivalent	MHC class II protein complex	mouse	H-2-IA alpha chain	H-2-IA beta chain		
H-2-IAb protein complex	H-2-IAb		equivalent	MHC class II protein complex	mouse	H-2-IAb alpha chain	H-2-IAb beta chain	H-2-b haplotype	
H-2-IAd protein complex	H-2-IAd		equivalent	MHC class II protein complex	mouse	H-2-IAd alpha chain	H-2-IAd beta chain	H-2-d haplotype	
H-2-IAf protein complex	H-2-IAf		equivalent	MHC class II protein complex	mouse	H-2-IAf alpha chain	H-2-IAf beta chain	H-2-f haplotype	
H-2-IAg7 protein complex	H-2-IAg7		equivalent	MHC class II protein complex	mouse	H-2-IAg7 alpha chain	H-2-IAg7 beta chain	H-2-g7 haplotype	
H-2-IAk protein complex	H-2-IAk		equivalent	MHC class II protein complex	mouse	H-2-IAk alpha chain	H-2-IAk beta chain	H-2-k haplotype	
H-2-IAp protein complex	H-2-IAp		equivalent	MHC class II protein complex	mouse	H-2-IAp alpha chain	H-2-IAp beta chain	H-2-p haplotype	
H-2-IAq protein complex	H-2-IAq		equivalent	MHC class II protein complex	mouse	H-2-IAq alpha chain	H-2-IAq beta chain	H-2-q haplotype	
H-2-IAr protein complex	H-2-IAr		equivalent	MHC class II protein complex	mouse	H-2-IAr alpha chain	H-2-IAr beta chain	H-2-r haplotype	
H-2-IAs protein complex	H-2-IAs		equivalent	MHC class II protein complex	mouse	H-2-IAs alpha chain	H-2-IAs beta chain	H-2-s haplotype	
H-2-IAu protein complex	H-2-IAu		equivalent	MHC class II protein complex	mouse	H-2-IAu alpha chain	H-2-IAu beta chain	H-2-u haplotype	
H-2-IE protein complex	H-2-IE		equivalent	MHC class II protein complex	mouse	H-2-IE alpha chain	H-2-IE beta chain		
H-2-IEb protein complex	H-2-IEb		equivalent	MHC class II protein complex	mouse	H-2-IEb alpha chain	H-2-IEb beta chain	H-2-b haplotype	
H-2-IEd protein complex	H-2-IEd		equivalent	MHC class II protein complex	mouse	H-2-IEd alpha chain	H-2-IEd beta chain	H-2-d haplotype	
H-2-IEg7 protein complex	H-2-IEg7		equivalent	MHC class II protein complex	mouse	H-2-IEg7 alpha chain	H-2-IEg7 beta chain		
H-2-IEk protein complex	H-2-IEk		equivalent	MHC class II protein complex	mouse	H-2-IEk alpha chain	H-2-IEk beta chain	H-2-k haplotype	
H-2-IEp protein complex	H-2-IEp		equivalent	MHC class II protein complex	mouse	H-2-IEp alpha chain	H-2-IEp beta chain	H-2-p haplotype	
H-2-IEr protein complex	H-2-IEr		equivalent	MHC class II protein complex	mouse	H-2-IEr alpha chain	H-2-IEr beta chain	H-2-r haplotype	
H-2-IEu protein complex	H-2-IEu		equivalent	MHC class II protein complex	mouse	H-2-IEu alpha chain	H-2-IEu beta chain	H-2-u haplotype	
H-2-K protein complex	H-2-K		equivalent	MHC class I protein complex	mouse	H-2-K chain	Beta-2-microglobulin		
H-2-Kb protein complex	H-2-Kb		equivalent	MHC class I protein complex	mouse	H-2-Kb chain	Beta-2-microglobulin	H-2-b haplotype	
H-2-Kd protein complex	H-2-Kd		equivalent	MHC class I protein complex	mouse	H-2-Kd chain	Beta-2-microglobulin	H-2-d haplotype	
H-2-Kk protein complex	H-2-Kk		equivalent	MHC class I protein complex	mouse	H-2-Kk chain	Beta-2-microglobulin	H-2-k haplotype	
H-2-Ks protein complex	H-2-Ks		equivalent	MHC class I protein complex	mouse	H-2-Ks chain	Beta-2-microglobulin	H-2-s haplotype	
H-2-Kwm7 protein complex	H-2-Kwm7		equivalent	MHC class I protein complex	mouse	H-2-Kwm7 chain	Beta-2-microglobulin	H-2-wm haplotype	
H-2-L protein complex	H-2-L		equivalent	MHC class I protein complex	mouse	H-2-L chain	Beta-2-microglobulin		
H-2-Ld protein complex	H-2-Ld		equivalent	MHC class I protein complex	mouse	H-2-Ld chain	Beta-2-microglobulin	H-2-d haplotype	
H-2-Lq protein complex	H-2-Lq	H-2-Lw16	equivalent	MHC class I protein complex	mouse	H-2-Lq chain	Beta-2-microglobulin	H-2-q haplotype	
H-2-M3 protein complex	H-2-M3		equivalent	non-classical MHC protein complex	mouse	H-2-M3 chain			
H-2-Q protein complex	H-2-Q		equivalent	MHC class I protein complex	mouse	H-2-Q chain	Beta-2-microglobulin		
H-2-Q9 protein complex	H-2-Q9		equivalent	MHC class I protein complex	mouse	H-2-Q9 chain			
H-2-Qa1 protein complex	H-2-Qa1	Qa-1b	equivalent	MHC class I protein complex	mouse	H-2-Qa1 chain	Beta-2-microglobulin	H-2-a haplotype	
H-2-Qa2 protein complex	H-2-Qa2		equivalent	MHC class I protein complex	mouse	H-2-Qa2 chain	Beta-2-microglobulin	H-2-a haplotype	
H-2-Qa9 protein complex	H-2-Qa9		equivalent	MHC class I protein complex	mouse	H-2-Qa9 chain	Beta-2-microglobulin	H-2-a haplotype	
HLA-A protein complex	HLA-A		equivalent	MHC class I protein complex	human	HLA-A chain	Beta-2-microglobulin		
HLA-A*01:01 protein complex	HLA-A*01:01	HLA-A*0101|HLA-A*010101|A*0101|A0101|A01:01	equivalent	MHC class I protein complex	human	HLA-A*01:01 chain	Beta-2-microglobulin		HLA-A1 serotype
HLA-A*02:01 protein complex	HLA-A*02:01	HLA-A*0201|HLA-A2.1|HLA-A*020101|A*0201|A0201|A02:01	equivalent	MHC class I protein complex	human	HLA-A*02:01 chain	Beta-2-microglobulin		HLA-A2 serotype
HLA-A*02:02 protein complex	HLA-A*02:02	HLA-A*0202|A*0202|A0202|A02:02	equivalent	MHC class I protein complex	human	HLA-A*02:02 chain	Beta-2-microglobulin		HLA-A2 serotype
HLA-A*02:03 protein complex	HLA-A*02:03	HLA-A*0203|A*0203|A0203|A02:03	equivalent	MHC class I protein complex	human	HLA-A*02:03 chain	Beta-2-microglobulin		HLA-A203 serotype
HLA-A*02:04 protein complex	HLA-A*02:04	HLA-A*0204|A*0204|A0204|A02:04	equivalent	MHC class I protein complex	human	HLA-A*02:04 chain	Beta-2-microglobulin		HLA-A2 serotype
HLA-A*02:05 protein complex	HLA-A*02:05	HLA-A*0205|A*0205|A0205|A02:05	equivalent	MHC class I protein complex	human	HLA-A*02:05 chain	Beta-2-microglobulin		HLA-A2 serotype
HLA-A*02:06 protein complex	HLA-A*02:06	HLA-A*0206|A*0206|A0206|A02:06	equivalent	MHC class I protein complex	human	HLA-A*02:06 chain	Beta-2-microglobulin		HLA-A2 serotype
HLA-A*02:07 protein complex	HLA-A*02:07	HLA-A*0207|A*0207|A0207|A02:07	equivalent	MHC class I protein complex	human	HLA-A*02:07 chain	Beta-2-microglobulin		HLA-A2 serotype
HLA-A*02:08 protein complex	HLA-A*02:08	HLA-A*0208|A*0208|A0208|A02:08	equivalent	MHC class I protein complex	human	HLA-A*02:08 chain	Beta-2-microglobulin		HLA-A2 serotype
HLA-A*02:09 protein complex	HLA-A*02:09	HLA-A*0209|A*0209|A0209|A02:09	equivalent	MHC class I protein complex	human	HLA-A*02:09 chain	Beta-2-microglobulin		HLA-A2 serotype
HLA-A*02:10 protein complex	HLA-A*02:10	HLA-A*0210|A*0210|A0210|A02:10	equivalent	MHC class I protein complex	human	HLA-A*02:10 chain	Beta-2-microglobulin		HLA-A2 serotype
HLA-A*02:11 protein complex	HLA-A*02:11	HLA-A*0211|A*0211|A0211|A02:11	equivalent	MHC class I protein complex	human	HLA-A*02:11 chain	Beta-2-microglobulin		HLA-A2 serotype
HLA-A*02:12 protein complex	HLA-A*02:12	HLA-A*0212|A*0212|A0212|A02:12	equivalent	MHC class I protein complex	human	HLA-A*02:12 chain	Beta-2-microglobulin		HLA-A2 serotype
HLA-A*02:13 protein complex	HLA-A*02:13	HLA-A*0213|A*0213|A0213|A02:13	equivalent	MHC class I protein complex	human	HLA-A*02:13 chain	Beta-2-microglobulin		HLA-A2 serotype
HLA-A*02:14 protein complex	HLA-A*02:14	HLA-A*0214|A*0214|A0214|A02:14	equivalent	MHC class I protein complex	human	HLA-A*02:14 chain	Beta-2-microglobulin		HLA-A2 serotype
HLA-A*02:16 protein complex	HLA-A*02:16	HLA-A*0216|A*0216|A0216|A02:16	equivalent	MHC class I protein complex	human	HLA-A*02:16 chain	Beta-2-microglobulin		HLA-A2 serotype
HLA-A*02:17 protein complex	HLA-A*02:17	HLA-A*0217|A*0217|A0217|A02:17	equivalent	MHC class I protein complex	human	HLA-A*02:17 chain	Beta-2-microglobulin		HLA-A2 serotype
HLA-A*02:19 protein complex	HLA-A*02:19	HLA-A*0219|A*0219|A0219|A02:19	equivalent	MHC class I protein complex	human	HLA-A*02:19 chain	Beta-2-microglobulin		HLA-A2 serotype
HLA-A*02:20 protein complex	HLA-A*02:20	HLA-A*0220|A*0220|A0220|A02:20	equivalent	MHC class I protein complex	human	HLA-A*02:20 chain	Beta-2-microglobulin		HLA-A2 serotype
HLA-A*02:50 protein complex	HLA-A*02:50	HLA-A*0250|A*0250|A0250|A02:50	equivalent	MHC class I protein complex	human	HLA-A*02:50 chain	Beta-2-microglobulin		HLA-A2 serotype
HLA-A*03:01 protein complex	HLA-A*03:01	HLA-A*0301|HLA-A3.1|HLA-A*03010101|A*0301|A0301|A03:01	equivalent	MHC class I protein complex	human	HLA-A*03:01 chain	Beta-2-microglobulin		HLA-A3 serotype
HLA-A*03:02 protein complex	HLA-A*03:02	HLA-A*0302|A*0302|A0302|A03:02	equivalent	MHC class I protein complex	human	HLA-A*03:02 chain	Beta-2-microglobulin		HLA-A3 serotype
HLA-A*03:19 protein complex	HLA-A*03:19	HLA-A*0319|A*0319|A0319|A03:19	equivalent	MHC class I protein complex	human	HLA-A*03:19 chain	Beta-2-microglobulin		HLA-A3 serotype
HLA-A*11:01 protein complex	HLA-A*11:01	HLA-A*1101|HLA-A*110101|A*1101|A1101|A11:01	equivalent	MHC class I protein complex	human	HLA-A*11:01 chain	Beta-2-microglobulin		HLA-A11 serotype
HLA-A*11:02 protein complex	HLA-A*11:02	HLA-A*1102|A*1102|A1102|A11:02	equivalent	MHC class I protein complex	human	HLA-A*11:02 chain	Beta-2-microglobulin		HLA-A11 serotype
HLA-A*23:01 protein complex	HLA-A*23:01	HLA-A*2301|A*2301|A2301|A23:01	equivalent	MHC class I protein complex	human	HLA-A*23:01 chain	Beta-2-microglobulin		HLA-A23 serotype
HLA-A*24:02 protein complex	HLA-A*24:02	HLA-A*2402|HLA-A*24020101|A*2402|A2402|A24:02	equivalent	MHC class I protein complex	human	HLA-A*24:02 chain	Beta-2-microglobulin		HLA-A24 serotype
HLA-A*24:03 protein complex	HLA-A*24:03	HLA-A*2403|A*2403|A2403|A24:03	equivalent	MHC class I protein complex	human	HLA-A*24:03 chain	Beta-2-microglobulin		HLA-A2403 serotype
HLA-A*24:06 protein complex	HLA-A*24:06	HLA-A*2406|A*2406|A2406|A24:06	equivalent	MHC class I protein complex	human	HLA-A*24:06 chain	Beta-2-microglobulin		HLA-A24 serotype
HLA-A*24:07 protein complex	HLA-A*24:07	HLA-A*2407|A*2407|A2407|A24:07	equivalent	MHC class I protein complex	human	HLA-A*24:07 chain	Beta-2-microglobulin		HLA-A24 serotype
HLA-A*24:13 protein complex	HLA-A*24:13	HLA-A*2413|A*2413|A2413|A24:13	equivalent	MHC class I protein complex	human	HLA-A*24:13 chain	Beta-2-microglobulin		HLA-A24 serotype
HLA-A*25:01 protein complex	HLA-A*25:01	HLA-A*2501|A*2501|A2501|A25:01	equivalent	MHC class I protein complex	human	HLA-A*25:01 chain	Beta-2-microglobulin		HLA-A25 serotype
HLA-A*26:01 protein complex	HLA-A*26:01	HLA-A*2601|A*2601|A2601|A26:01	equivalent	MHC class I protein complex	human	HLA-A*26:01 chain	Beta-2-microglobulin		HLA-A26 serotype
HLA-A*26:02 protein complex	HLA-A*26:02	HLA-A*2602|A*2602|A2602|A26:02	equivalent	MHC class I protein complex	human	HLA-A*26:02 chain	Beta-2-microglobulin		HLA-A26 serotype
HLA-A*26:03 protein complex	HLA-A*26:03	HLA-A*2603|A*2603|A2603|A26:03	equivalent	MHC class I protein complex	human	HLA-A*26:03 chain	Beta-2-microglobulin		HLA-A26 serotype
HLA-A*29:01 protein complex	HLA-A*29:01	HLA-A*2901|HLA-A*29010101|A*2901|A2901|A29:01	equivalent	MHC class I protein complex	human	HLA-A*29:01 chain	Beta-2-microglobulin		HLA-A29 serotype
HLA-A*29:02 protein complex	HLA-A*29:02	HLA-A*2902|HLA-A*290201|A*2902|A2902|A29:02	equivalent	MHC class I protein complex	human	HLA-A*29:02 chain	Beta-2-microglobulin		HLA-A29 serotype
HLA-A*30:01 protein complex	HLA-A*30:01	HLA-A*3001|A*3001|A3001|A30:01	equivalent	MHC class I protein complex	human	HLA-A*30:01 chain	Beta-2-microglobulin		HLA-A30 serotype
HLA-A*30:02 protein complex	HLA-A*30:02	HLA-A*3002|A*3002|A3002|A30:02	equivalent	MHC class I protein complex	human	HLA-A*30:02 chain	Beta-2-microglobulin		HLA-A30 serotype
HLA-A*30:03 protein complex	HLA-A*30:03	HLA-A*3003|A*3003|A3003|A30:03	equivalent	MHC class I protein complex	human	HLA-A*30:03 chain	Beta-2-microglobulin		HLA-A30 serotype
HLA-A*30:04 protein complex	HLA-A*30:04	HLA-A*3004|HLA-A*30:04|A*3004|A3004|A30:04	equivalent	MHC class I protein complex	human	HLA-A*30:04 chain	Beta-2-microglobulin		HLA-A30 serotype
HLA-A*31:01 protein complex	HLA-A*31:01	HLA-A*3101|HLA-A*310102|A*3101|A3101|A31:01	equivalent	MHC class I protein complex	human	HLA-A*31:01 chain	Beta-2-microglobulin		HLA-A31 serotype
HLA-A*32:01 protein complex	HLA-A*32:01	HLA-A*3201|A*3201|A3201|A32:01	equivalent	MHC class I protein complex	human	HLA-A*32:01 chain	Beta-2-microglobulin		HLA-A32 serotype
HLA-A*32:05 protein complex	HLA-A*32:05	HLA-A*3205|A*3205|A3205|A32:05	equivalent	MHC class I protein complex	human	HLA-A*32:05 chain	Beta-2-microglobulin		HLA-A32 serotype
HLA-A*32:07 protein complex	HLA-A*32:07	HLA-A*3207|A*3207|A3207|A32:07	equivalent	MHC class I protein complex	human	HLA-A*32:07 chain	Beta-2-microglobulin		HLA-A32 serotype
HLA-A*32:15 protein complex	HLA-A*32:15	HLA-A*3215|A*3215|A3215|A32:15	equivalent	MHC class I protein complex	human	HLA-A*32:15 chain	Beta-2-microglobulin		HLA-A32 serotype
HLA-A*33:01 protein complex	HLA-A*33:01	HLA-A*3301|A*3301|A3301|A33:01	equivalent	MHC class I protein complex	human	HLA-A*33:01 chain	Beta-2-microglobulin		HLA-A33 serotype
HLA-A*33:03 protein complex	HLA-A*33:03	HLA-A*3303|A*3303|A3303|A33:03	equivalent	MHC class I protein complex	human	HLA-A*33:03 chain	Beta-2-microglobulin		HLA-A33 serotype
HLA-A*66:01 protein complex	HLA-A*66:01	HLA-A*6601|A*6601|A6601|A66:01	equivalent	MHC class I protein complex	human	HLA-A*66:01 chain	Beta-2-microglobulin		HLA-A66 serotype
HLA-A*68:01 protein complex	HLA-A*68:01	HLA-A*6801|HLA-A*680101|HLA-A*680102|A*6801|A6801|A68:01	equivalent	MHC class I protein complex	human	HLA-A*68:01 chain	Beta-2-microglobulin		HLA-A68 serotype
HLA-A*68:02 protein complex	HLA-A*68:02	HLA-A*6802|A*6802|A6802|A68:02	equivalent	MHC class I protein complex	human	HLA-A*68:02 chain	Beta-2-microglobulin		HLA-A68 serotype
HLA-A*68:23 protein complex	HLA-A*68:23	HLA-A*6823|A*6823|A6823|A68:23	equivalent	MHC class I protein complex	human	HLA-A*68:23 chain	Beta-2-microglobulin		HLA-A68 serotype
HLA-A*69:01 protein complex	HLA-A*69:01	HLA-A*6901|A*6901|A6901|A69:01	equivalent	MHC class I protein complex	human	HLA-A*69:01 chain	Beta-2-microglobulin		HLA-A69 serotype
HLA-A*74:01 protein complex	HLA-A*74:01	HLA-A*7401|A*7401|A7401|A74:01	equivalent	MHC class I protein complex	human	HLA-A*74:01 chain	Beta-2-microglobulin		HLA-A74 serotype
HLA-A*80:01 protein complex	HLA-A*80:01	HLA-A*8001|A*8001|A8001|A80:01	equivalent	MHC class I protein complex	human	HLA-A*80:01 chain	Beta-2-microglobulin		HLA-A80 serotype
HLA-B protein complex	HLA-B		equivalent	MHC class I protein complex	human	HLA-B chain	Beta-2-microglobulin		
HLA-B*07:02 protein complex	HLA-B*07:02	HLA-B*0701|HLA-B*0702|HLA-B*070201|HLA-B*07021|B*0702|B0702|B07:02	equivalent	MHC class I protein complex	human	HLA-B*07:02 chain	Beta-2-microglobulin		HLA-B7 serotype
HLA-B*08:01 protein complex	HLA-B*08:01	HLA-B*0801|B*0801|B0801|B08:01	equivalent	MHC class I protein complex	human	HLA-B*08:01 chain	Beta-2-microglobulin		HLA-B8 serotype
HLA-B*08:02 protein complex	HLA-B*08:02	HLA-B*0802|B*0802|B0802|B08:02	equivalent	MHC class I protein complex	human	HLA-B*08:02 chain	Beta-2-microglobulin		HLA-B8 serotype
HLA-B*08:03 protein complex	HLA-B*08:03	HLA-B*0803|B*0803|B0803|B08:03	equivalent	MHC class I protein complex	human	HLA-B*08:03 chain	Beta-2-microglobulin		HLA-B8 serotype
HLA-B*13:01 protein complex	HLA-B*13:01	HLA-B*1301|B*1301|B1301|B13:01	equivalent	MHC class I protein complex	human	HLA-B*13:01 chain	Beta-2-microglobulin		HLA-B13 serotype
HLA-B*13:02 protein complex	HLA-B*13:02	HLA-B*1302|B*1302|B1302|B13:02	equivalent	MHC class I protein complex	human	HLA-B*13:02 chain	Beta-2-microglobulin		HLA-B13 serotype
HLA-B*14:02 protein complex	HLA-B*14:02	HLA-B*1402|B*1402|B1402|B14:02	equivalent	MHC class I protein complex	human	HLA-B*14:02 chain	Beta-2-microglobulin		HLA-B65 serotype
HLA-B*14:03 protein complex	HLA-B*14:03	HLA-B*1403|B*1403|B1403|B14:03	equivalent	MHC class I protein complex	human	HLA-B*14:03 chain	Beta-2-microglobulin		HLA-B14 serotype
HLA-B*15:01 protein complex	HLA-B*15:01	HLA-B*1501|HLA-B*15010101|B*1501|B1501|B15:01	equivalent	MHC class I protein complex	human	HLA-B*15:01 chain	Beta-2-microglobulin		HLA-B62 serotype
HLA-B*15:02 protein complex	HLA-B*15:02	HLA-B*1502|B*1502|B1502|B15:02	equivalent	MHC class I protein complex	human	HLA-B*15:02 chain	Beta-2-microglobulin		HLA-B62 serotype
HLA-B*15:03 protein complex	HLA-B*15:03	HLA-B*1503|B*1503|B1503|B15:03	equivalent	MHC class I protein complex	human	HLA-B*15:03 chain	Beta-2-microglobulin		HLA-B62 serotype
HLA-B*15:08 protein complex	HLA-B*15:08	HLA-B*1508|B*1508|B1508|B15:08	equivalent	MHC class I protein complex	human	HLA-B*15:08 chain	Beta-2-microglobulin		HLA-B75 serotype
HLA-B*15:09 protein complex	HLA-B*15:09	HLA-B*1509|B*1509|B1509|B15:09	equivalent	MHC class I protein complex	human	HLA-B*15:09 chain	Beta-2-microglobulin		HLA-B70 serotype
HLA-B*15:10 protein complex	HLA-B*15:10	HLA-B*1510|B*1510|B1510|B15:10	equivalent	MHC class I protein complex	human	HLA-B*15:10 chain	Beta-2-microglobulin		HLA-B71 serotype
HLA-B*15:13 protein complex	HLA-B*15:13	HLA-B*1513|B*1513|B1513|B15:13	equivalent	MHC class I protein complex	human	HLA-B*15:13 chain	Beta-2-microglobulin		HLA-B77 serotype
HLA-B*15:16 protein complex	HLA-B*15:16	HLA-B*1516|B*1516|B1516|B15:16	equivalent	MHC class I protein complex	human	HLA-B*15:16 chain	Beta-2-microglobulin		HLA-B63 serotype
HLA-B*15:17 protein complex	HLA-B*15:17	HLA-B*1517|HLA-B*15170101|B*1517|B1517|B15:17	equivalent	MHC class I protein complex	human	HLA-B*15:17 chain	Beta-2-microglobulin		HLA-B63 serotype
HLA-B*15:25 protein complex	HLA-B*15:25	HLA-B*1525|B*1525|B1525|B15:25	equivalent	MHC class I protein complex	human	HLA-B*15:25 chain	Beta-2-microglobulin		HLA-B62 serotype
HLA-B*15:42 protein complex	HLA-B*15:42	HLA-B*1542|B*1542|B1542|B15:42	equivalent	MHC class I protein complex	human	HLA-B*15:42 chain	Beta-2-microglobulin		HLA-B15 serotype
HLA-B*18:01 protein complex	HLA-B*18:01	HLA-B*1801|B*1801|B1801|B18:01	equivalent	MHC class I protein complex	human	HLA-B*18:01 chain	Beta-2-microglobulin		HLA-B18 serotype
HLA-B*27:01 protein complex	HLA-B*27:01	HLA-B*2701|B*2701|B2701|B27:01	equivalent	MHC class I protein complex	human	HLA-B*27:01 chain	Beta-2-microglobulin		HLA-B27 serotype
HLA-B*27:02 protein complex	HLA-B*27:02	HLA-B*2702|HLA-B27.2|B*2702|B2702|B27:02	equivalent	MHC class I protein complex	human	HLA-B*27:02 chain	Beta-2-microglobulin		HLA-B27 serotype
HLA-B*27:03 protein complex	HLA-B*27:03	HLA-B*2703|B*2703|B2703|B27:03	equivalent	MHC class I protein complex	human	HLA-B*27:03 chain	Beta-2-microglobulin		HLA-B27 serotype
HLA-B*27:04 protein complex	HLA-B*27:04	HLA-B*2704|B*2704|B2704|B27:04	equivalent	MHC class I protein complex	human	HLA-B*27:04 chain	Beta-2-microglobulin		HLA-B27 serotype
HLA-B*27:05 protein complex	HLA-B*27:05	HLA-B*2705|HLA-B*270502|HLA-B*27052|B*2705|B2705|B27:05	equivalent	MHC class I protein complex	human	HLA-B*27:05 chain	Beta-2-microglobulin		HLA-B27 serotype
HLA-B*27:06 protein complex	HLA-B*27:06	HLA-B*2706|B*2706|B2706|B27:06	equivalent	MHC class I protein complex	human	HLA-B*27:06 chain	Beta-2-microglobulin		HLA-B27 serotype
HLA-B*27:07 protein complex	HLA-B*27:07	HLA-B*2707|B*2707|B2707|B27:07	equivalent	MHC class I protein complex	human	HLA-B*27:07 chain	Beta-2-microglobulin		HLA-B27 serotype
HLA-B*27:09 protein complex	HLA-B*27:09	HLA-B*2709|B*2709|B2709|B27:09	equivalent	MHC class I protein complex	human	HLA-B*27:09 chain	Beta-2-microglobulin		HLA-B27 serotype
HLA-B*27:10 protein complex	HLA-B*27:10	HLA-B*2710|B*2710|B2710|B27:10	equivalent	MHC class I protein complex	human	HLA-B*27:10 chain	Beta-2-microglobulin		HLA-B27 serotype
HLA-B*27:20 protein complex	HLA-B*27:20	HLA-B*2720|B*2720|B2720|B27:20	equivalent	MHC class I protein complex	human	HLA-B*27:20 chain	Beta-2-microglobulin		HLA-B27 serotype
HLA-B*35:01 protein complex	HLA-B*35:01	HLA-B*3501|HLA-B*350101|B*3501|B3501|B35:01	equivalent	MHC class I protein complex	human	HLA-B*35:01 chain	Beta-2-microglobulin		HLA-B35 serotype
HLA-B*35:02 protein complex	HLA-B*35:02	HLA-B*3502|B*3502|B3502|B35:02	equivalent	MHC class I protein complex	human	HLA-B*35:02 chain	Beta-2-microglobulin		HLA-B35 serotype
HLA-B*35:03 protein complex	HLA-B*35:03	HLA-B*3503|B*3503|B3503|B35:03	equivalent	MHC class I protein complex	human	HLA-B*35:03 chain	Beta-2-microglobulin		HLA-B35 serotype
HLA-B*35:04 protein complex	HLA-B*35:04	HLA-B*3504|B*3504|B3504|B35:04	equivalent	MHC class I protein complex	human	HLA-B*35:04 chain	Beta-2-microglobulin		HLA-B35 serotype
HLA-B*35:06 protein complex	HLA-B*35:06	HLA-B*3506|B*3506|B3506|B35:06	equivalent	MHC class I protein complex	human	HLA-B*35:06 chain	Beta-2-microglobulin		HLA-B35 serotype
HLA-B*35:08 protein complex	HLA-B*35:08	HLA-B*3508|B*3508|B3508|B35:08	equivalent	MHC class I protein complex	human	HLA-B*35:08 chain	Beta-2-microglobulin		HLA-B35 serotype
HLA-B*35:14 protein complex	HLA-B*35:14	HLA-B*3514|B*3514|B3514|B35:14	equivalent	MHC class I protein complex	human	HLA-B*35:14 chain	Beta-2-microglobulin		HLA-B35 serotype
HLA-B*37:01 protein complex	HLA-B*37:01	HLA-B*3701|B*3701|B3701|B37:01	equivalent	MHC class I protein complex	human	HLA-B*37:01 chain	Beta-2-microglobulin		HLA-B37 serotype
HLA-B*38:01 protein complex	HLA-B*38:01	HLA-B*3801|B*3801|B3801|B38:01	equivalent	MHC class I protein complex	human	HLA-B*38:01 chain	Beta-2-microglobulin		HLA-B38 serotype
HLA-B*38:02 protein complex	HLA-B*38:02	HLA-B*3802|B*3802|B3802|B38:02	equivalent	MHC class I protein complex	human	HLA-B*38:02 chain	Beta-2-microglobulin		HLA-B38 serotype
HLA-B*39:01 protein complex	HLA-B*39:01	HLA-B*3901|HLA-B*390101|B*3901|B3901|B39:01	equivalent	MHC class I protein complex	human	HLA-B*39:01 chain	Beta-2-microglobulin		HLA-B3901 serotype
HLA-B*39:05 protein complex	HLA-B*39:05	HLA-B*3905|B*3905|B3905|B39:05	equivalent	MHC class I protein complex	human	HLA-B*39:05 chain	Beta-2-microglobulin		HLA-B39 serotype
HLA-B*39:06 protein complex	HLA-B*39:06	HLA-B*3906|B*3906|B3906|B39:06	equivalent	MHC class I protein complex	human	HLA-B*39:06 chain	Beta-2-microglobulin		HLA-B39 serotype
HLA-B*39:10 protein complex	HLA-B*39:10	HLA-B*3910|B*3910|B3910|B39:10	equivalent	MHC class I protein complex	human	HLA-B*39:10 chain	Beta-2-microglobulin		HLA-B39 serotype
HLA-B*40:01 protein complex	HLA-B*40:01	HLA-B*4001|HLA-B*400101|HLA-B*400102|HLA-B*40011|B*4001|B4001|B40:01	equivalent	MHC class I protein complex	human	HLA-B*40:01 chain	Beta-2-microglobulin		HLA-B60 serotype
HLA-B*40:02 protein complex	HLA-B*40:02	HLA-B*4002|B*4002|B4002|B40:02	equivalent	MHC class I protein complex	human	HLA-B*40:02 chain	Beta-2-microglobulin		HLA-B61 serotype
HLA-B*40:06 protein complex	HLA-B*40:06	HLA-B*4006|HLA-B*40060101|B*4006|B4006|B40:06	equivalent	MHC class I protein complex	human	HLA-B*40:06 chain	Beta-2-microglobulin		HLA-B61 serotype
HLA-B*40:13 protein complex	HLA-B*40:13	HLA-B*4013|B*4013|B4013|B40:13	equivalent	MHC class I protein complex	human	HLA-B*40:13 chain	Beta-2-microglobulin		HLA-B40 serotype
HLA-B*41:01 protein complex	HLA-B*41:01	HLA-B*4101|B*4101|B4101|B41:01	equivalent	MHC class I protein complex	human	HLA-B*41:01 chain	Beta-2-microglobulin		HLA-B41 serotype
HLA-B*41:02 protein complex	HLA-B*41:02	HLA-B*4102|B*4102|B4102|B41:02	equivalent	MHC class I protein complex	human	HLA-B*41:02 chain	Beta-2-microglobulin		HLA-B41 serotype
HLA-B*41:03 protein complex	HLA-B*41:03	HLA-B*4103|B*4103|B4103|B41:03	equivalent	MHC class I protein complex	human	HLA-B*41:03 chain	Beta-2-microglobulin		HLA-B41 serotype
HLA-B*41:04 protein complex	HLA-B*41:04	HLA-B*4104|B*4104|B4104|B41:04	equivalent	MHC class I protein complex	human	HLA-B*41:04 chain	Beta-2-microglobulin		HLA-B41 serotype
HLA-B*41:05 protein complex	HLA-B*41:05	HLA-B*4105|B*4105|B4105|B41:05	equivalent	MHC class I protein complex	human	HLA-B*41:05 chain	Beta-2-microglobulin		HLA-B41 serotype
HLA-B*41:06 protein complex	HLA-B*41:06	HLA-B*4106|B*4106|B4106|B41:06	equivalent	MHC class I protein complex	human	HLA-B*41:06 chain	Beta-2-microglobulin		HLA-B41 serotype
HLA-B*42:0 protein complex	HLA-B*42:0	HLA-B*4202|B*4202|B4202|B42:02	equivalent	MHC class I protein complex	human	HLA-B*42:0 chain	Beta-2-microglobulin		HLA-B42 serotype
HLA-B*42:01 protein complex	HLA-B*42:01	HLA-B*4201|B*4201|B4201|B42:01	equivalent	MHC class I protein complex	human	HLA-B*42:01 chain	Beta-2-microglobulin		HLA-B42 serotype
HLA-B*44:01 protein complex	HLA-B*44:01	HLA-B*4401|B*4401|B4401|B44:01	equivalent	MHC class I protein complex	human	HLA-B*44:01 chain	Beta-2-microglobulin		HLA-B44 serotype
HLA-B*44:02 protein complex	HLA-B*44:02	HLA-B*4402|HLA-B*44020101|B*4402|B4402|B44:02	equivalent	MHC class I protein complex	human	HLA-B*44:02 chain	Beta-2-microglobulin		HLA-B44 serotype
HLA-B*44:03 protein complex	HLA-B*44:03	HLA-B*4403|HLA-B*440301|B*4403|B4403|B44:03	equivalent	MHC class I protein complex	human	HLA-B*44:03 chain	Beta-2-microglobulin		HLA-B44 serotype
HLA-B*44:05 protein complex	HLA-B*44:05	HLA-B*4405|B*4405|B4405|B44:05	equivalent	MHC class I protein complex	human	HLA-B*44:05 chain	Beta-2-microglobulin		HLA-B44 serotype
HLA-B*44:08 protein complex	HLA-B*44:08	HLA-B*4408|B*4408|B4408|B44:08	equivalent	MHC class I protein complex	human	HLA-B*44:08 chain	Beta-2-microglobulin		HLA-B44 serotype
HLA-B*44:27 protein complex	HLA-B*44:27	HLA-B*4427|B*4427|B4427|B44:27	equivalent	MHC class I protein complex	human	HLA-B*44:27 chain	Beta-2-microglobulin		HLA-B44 serotype
HLA-B*44:28 protein complex	HLA-B*44:28	HLA-B*4428|B*4428|B4428|B44:28	equivalent	MHC class I protein complex	human	HLA-B*44:28 chain	Beta-2-microglobulin		HLA-B44 serotype
HLA-B*45:01 protein complex	HLA-B*45:01	HLA-B*4501|B*4501|B4501|B45:01	equivalent	MHC class I protein complex	human	HLA-B*45:01 chain	Beta-2-microglobulin		HLA-B45 serotype
HLA-B*45:06 protein complex	HLA-B*45:06	HLA-B*4506|B*4506|B4506|B45:06	equivalent	MHC class I protein complex	human	HLA-B*45:06 chain	Beta-2-microglobulin		HLA-B45 serotype
HLA-B*46:01 protein complex	HLA-B*46:01	HLA-B*4601|B*4601|B4601|B46:01	equivalent	MHC class I protein complex	human	HLA-B*46:01 chain	Beta-2-microglobulin		HLA-B46 serotype
HLA-B*48:01 protein complex	HLA-B*48:01	HLA-B*4801|B*4801|B4801|B48:01	equivalent	MHC class I protein complex	human	HLA-B*48:01 chain	Beta-2-microglobulin		HLA-B48 serotype
HLA-B*49:01 protein complex	HLA-B*49:01	HLA-B*4901|B*4901|B4901|B49:01	equivalent	MHC class I protein complex	human	HLA-B*49:01 chain	Beta-2-microglobulin		HLA-B49 serotype
HLA-B*50:01 protein complex	HLA-B*50:01	HLA-B*5001|B*5001|B5001|B50:01	equivalent	MHC class I protein complex	human	HLA-B*50:01 chain	Beta-2-microglobulin		HLA-B50 serotype
HLA-B*51:01 protein complex	HLA-B*51:01	HLA-B*5101|HLA-B*510101|B*5101|B5101|B51:01	equivalent	MHC class I protein complex	human	HLA-B*51:01 chain	Beta-2-microglobulin		HLA-B51 serotype
HLA-B*51:02 protein complex	HLA-B*51:02	HLA-B*5102|HLA-B*510201|B*5102|B5102|B51:02	equivalent	MHC class I protein complex	human	HLA-B*51:02 chain	Beta-2-microglobulin		HLA-B5102 serotype
HLA-B*51:03 protein complex	HLA-B*51:03	HLA-B*5103|B*5103|B5103|B51:03	equivalent	MHC class I protein complex	human	HLA-B*51:03 chain	Beta-2-microglobulin		HLA-B51 serotype
HLA-B*52:01 protein complex	HLA-B*52:01	HLA-B*5201|HLA-B*520101|B*5201|B5201|B52:01	equivalent	MHC class I protein complex	human	HLA-B*52:01 chain	Beta-2-microglobulin		HLA-B52 serotype
HLA-B*53:01 protein complex	HLA-B*53:01	HLA-B*5301|B*5301|B5301|B53:01	equivalent	MHC class I protein complex	human	HLA-B*53:01 chain	Beta-2-microglobulin		HLA-B53 serotype
HLA-B*54:01 protein complex	HLA-B*54:01	HLA-B*5401|B*5401|B5401|B54:01	equivalent	MHC class I protein complex	human	HLA-B*54:01 chain	Beta-2-microglobulin		HLA-B54 serotype
HLA-B*55:01 protein complex	HLA-B*55:01	HLA-B*5501|B*5501|B5501|B55:01	equivalent	MHC class I protein complex	human	HLA-B*55:01 chain	Beta-2-microglobulin		HLA-B55 serotype
HLA-B*55:02 protein complex	HLA-B*55:02	HLA-B*5502|B*5502|B5502|B55:02	equivalent	MHC class I protein complex	human	HLA-B*55:02 chain	Beta-2-microglobulin		HLA-B55 serotype
HLA-B*56:01 protein complex	HLA-B*56:01	HLA-B*5601|B*5601|B5601|B56:01	equivalent	MHC class I protein complex	human	HLA-B*56:01 chain	Beta-2-microglobulin		HLA-B56 serotype
HLA-B*57:01 protein complex	HLA-B*57:01	HLA-B*5701|HLA-B*570101|B*5701|B5701|B57:01	equivalent	MHC class I protein complex	human	HLA-B*57:01 chain	Beta-2-microglobulin		HLA-B55 serotype
HLA-B*57:02 protein complex	HLA-B*57:02	HLA-B*5702|B*5702|B5702|B57:02	equivalent	MHC class I protein complex	human	HLA-B*57:02 chain	Beta-2-microglobulin		HLA-B57 serotype
HLA-B*57:03 protein complex	HLA-B*57:03	HLA-B*5703|B*5703|B5703|B57:03	equivalent	MHC class I protein complex	human	HLA-B*57:03 chain	Beta-2-microglobulin		HLA-B57 serotype
HLA-B*58:01 protein complex	HLA-B*58:01	HLA-B*5801|B*5801|B5801|B58:01	equivalent	MHC class I protein complex	human	HLA-B*58:01 chain	Beta-2-microglobulin		HLA-B58 serotype
HLA-B*58:02 protein complex	HLA-B*58:02	HLA-B*5802|B*5802|B5802|B58:02	equivalent	MHC class I protein complex	human	HLA-B*58:02 chain	Beta-2-microglobulin		HLA-B58 serotype
HLA-B*67:01 protein complex	HLA-B*67:01	HLA-B*6701|B*6701|B6701|B67:01	equivalent	MHC class I protein complex	human	HLA-B*67:01 chain	Beta-2-microglobulin		
HLA-B*73:01 protein complex	HLA-B*73:01	HLA-B*7301|B*7301|B7301|B73:01	equivalent	MHC class I protein complex	human	HLA-B*73:01 chain	Beta-2-microglobulin		HLA-B73 serotype
HLA-B*81:01 protein complex	HLA-B*81:01	HLA-B*8101|B*8101|B8101|B81:01	equivalent	MHC class I protein complex	human	HLA-B*81:01 chain	Beta-2-microglobulin		HLA-B81 serotype
HLA-B*83:01 protein complex	HLA-B*83:01	HLA-B*8301|B*8301|B8301|B83:01	equivalent	MHC class I protein complex	human	HLA-B*83:01 chain	Beta-2-microglobulin		HLA-B8 serotype
HLA-C protein complex	HLA-C		equivalent	MHC class I protein complex	human	HLA-C chain	Beta-2-microglobulin		
HLA-C*01:02 protein complex	HLA-C*01:02	HLA-CW*0102|HLA-Cw*0102|C*0102|C0102|C01:02	equivalent	MHC class I protein complex	human	HLA-C*01:02 chain	Beta-2-microglobulin		HLA-Cw1 serotype
HLA-C*02:02 protein complex	HLA-C*02:02	HLA-C*0202|HLA-Cw*0202|HLA-Cw*020201|C*0202|C0202|C02:02	equivalent	MHC class I protein complex	human	HLA-C*02:02 chain	Beta-2-microglobulin		HLA-Cw2 serotype
HLA-C*03:03 protein complex	HLA-C*03:03	HLA-Cw*0303|C*0303|C0303|C03:03	equivalent	MHC class I protein complex	human	HLA-C*03:03 chain	Beta-2-microglobulin		HLA-Cw9 serotype
HLA-C*03:04 protein complex	HLA-C*03:04	HLA-Cw*0301|HLA-Cw*0304|C*0304|C0304|C03:04	equivalent	MHC class I protein complex	human	HLA-C*03:04 chain	Beta-2-microglobulin		HLA-Cw10 serotype
HLA-C*04:01 protein complex	HLA-C*04:01	HLA-C*0401|HLA-Cw*0401|C*0401|C0401|C04:01	equivalent	MHC class I protein complex	human	HLA-C*04:01 chain	Beta-2-microglobulin		
HLA-C*05:01 protein complex	HLA-C*05:01	HLA-Cw*0501|C*0501|C0501|C05:01	equivalent	MHC class I protein complex	human	HLA-C*05:01 chain	Beta-2-microglobulin		HLA-Cw5 serotype
HLA-C*06:02 protein complex	HLA-C*06:02	HLA-Cw*0601|HLA-Cw*0602|C*0602|C0602|C06:02	equivalent	MHC class I protein complex	human	HLA-C*06:02 chain	Beta-2-microglobulin		HLA-Cw6 serotype
HLA-C*07:01 protein complex	HLA-C*07:01	HLA-C*0701|HLA-Cw*0701|HLA-Cw*07011|C*0701|C0701|C07:01	equivalent	MHC class I protein complex	human	HLA-C*07:01 chain	Beta-2-microglobulin		HLA-Cw7 serotype
HLA-C*07:02 protein complex	HLA-C*07:02	HLA-Cw*0702|C*0702|C0702|C07:02	equivalent	MHC class I protein complex	human	HLA-C*07:02 chain	Beta-2-microglobulin		HLA-Cw7 serotype
HLA-C*07:04 protein complex	HLA-C*07:04	HLA-Cw*0704|C*0704|C0704|C07:04	equivalent	MHC class I protein complex	human	HLA-C*07:04 chain	Beta-2-microglobulin		HLA-Cw7 serotype
HLA-C*08:01 protein complex	HLA-C*08:01	HLA-Cw*0801|C*0801|C0801|C08:01	equivalent	MHC class I protein complex	human	HLA-C*08:01 chain	Beta-2-microglobulin		HLA-Cw8 serotype
HLA-C*08:02 protein complex	HLA-C*08:02	HLA-Cw*0802|C*0802|C0802|C08:02	equivalent	MHC class I protein complex	human	HLA-C*08:02 chain	Beta-2-microglobulin		HLA-Cw8 serotype
HLA-C*12:02 protein complex	HLA-C*12:02	HLA-C*1202|C*1202|C1202|C12:02	equivalent	MHC class I protein complex	human	HLA-C*12:02 chain	Beta-2-microglobulin		
HLA-C*12:03 protein complex	HLA-C*12:03	HLA-C*1203|HLA-Cw*1203|C*1203|C1203|C12:03	equivalent	MHC class I protein complex	human	HLA-C*12:03 chain	Beta-2-microglobulin		
HLA-C*14:02 protein complex	HLA-C*14:02	HLA-C*1402|HLA-Cw*1402|C*1402|C1402|C14:02	equivalent	MHC class I protein complex	human	HLA-C*14:02 chain	Beta-2-microglobulin		
HLA-C*15:02 protein complex	HLA-C*15:02	HLA-Cw*1502|C*1502|C1502|C15:02	equivalent	MHC class I protein complex	human	HLA-C*15:02 chain	Beta-2-microglobulin		
HLA-C*16:01 protein complex	HLA-C*16:01	HLA-Cw*1601|C*1601|C1601|C16:01	equivalent	MHC class I protein complex	human	HLA-C*16:01 chain	Beta-2-microglobulin		
HLA-DP protein complex	HLA-DP		equivalent	MHC class II protein complex	human	HLA-DPA chain	HLA-DPB chain		
HLA-DPA1*01:03 protein complex	HLA-DPA1*01:03	HLA-DPA1*0103|HLA-DPA1*010301|DPA1*0103|DPA10103|DPA101:03	equivalent	MHC class II protein complex	human	HLA-DPA1*01:03 chain	HLA-DPB chain		
HLA-DPA1*01:03/DPB1*02:01 protein complex	HLA-DPA1*01:03/DPB1*02:01	HLA-DPA1*0103/DPB1*0201|DPA1*0103/DPB1*0201|DPA10103/DPB10201|DPA101:03/DPB102:01	equivalent	MHC class II protein complex	human	HLA-DPA1*01:03 chain	HLA-DPB1*02:01 chain		
HLA-DPA1*01:03/DPB1*02:12 protein complex	HLA-DPA1*01:03/DPB1*02:12		equivalent	MHC class II protein complex	human	HLA-DPA1*01:03 chain	HLA-DPB1*02:12 chain		
HLA-DPA1*01:03/DPB1*03:01 protein complex	HLA-DPA1*01:03/DPB1*03:01	HLA-DPA1*0103/DPB1*0301|HLA-DPA1*01031/DPB1*0301|DPA1*0103/DPB1*0301|DPA10103/DPB10301|DPA101:03/DPB103:01	equivalent	MHC class II protein complex	human	HLA-DPA1*01:03 chain	HLA-DPB1*03:01 chain		
HLA-DPA1*01:03/DPB1*04:01 protein complex	HLA-DPA1*01:03/DPB1*04:01	HLA-DPA1*0103/DPB1*0401|DPA1*0103/DPB1*0401|DPA10103/DPB10401|DPA101:03/DPB104:01	equivalent	MHC class II protein complex	human	HLA-DPA1*01:03 chain	HLA-DPB1*04:01 chain		HLA-DP4 serotype
HLA-DPA1*01:03/DPB1*04:02 protein complex	HLA-DPA1*01:03/DPB1*04:02	HLA-DPA1*0103/DPB1*0402|DPA1*0103/DPB1*0402|DPA10103/DPB10402|DPA101:03/DPB104:02	equivalent	MHC class II protein complex	human	HLA-DPA1*01:03 chain	HLA-DPB1*04:02 chain		HLA-DP4 serotype
HLA-DPA1*02:01 protein complex	HLA-DPA1*02:01	HLA-DPA1*0201|HLA-DPA1*020101|DPA1*0201|DPA10201|DPA102:01	equivalent	MHC class II protein complex	human	HLA-DPA1*02:01 chain	HLA-DPB chain		
HLA-DPA1*02:01/DPB1*01:01 protein complex	HLA-DPA1*02:01/DPB1*01:01	HLA-DPA1*0201/DPB1*0101|DPA1*0201/DPB1*0101|DPA10201/DPB10101|DPA102:01/DPB101:01	equivalent	MHC class II protein complex	human	HLA-DPA1*02:01 chain	HLA-DPB1*01:01 chain		HLA-DP1 serotype
HLA-DPA1*02:01/DPB1*05:01 protein complex	HLA-DPA1*02:01/DPB1*05:01	HLA-DPA1*0201/DPB1*0501|DPA1*0201/DPB1*0501|DPA10201/DPB10501|DPA102:01/DPB105:01	equivalent	MHC class II protein complex	human	HLA-DPA1*02:01 chain	HLA-DPB1*05:01 chain		HLA-DP5 serotype
HLA-DPA1*02:01/DPB1*09:01 protein complex	HLA-DPA1*02:01/DPB1*09:01	HLA-DPA1*0201/DPB1*0901|HLA-DPw9|DPA1*0201/DPB1*0901|DPA10201/DPB10901|DPA102:01/DPB109:01	equivalent	MHC class II protein complex	human	HLA-DPA1*02:01 chain	HLA-DPB1*09:01 chain		HLA-DP9 serotype
HLA-DPA1*02:02/DPB1*05:01 protein complex	HLA-DPA1*02:02/DPB1*05:01	HLA-DPA1*0202/DPB1*0501|DPA1*0202/DPB1*0501|DPA10202/DPB10501|DPA102:02/DPB105:01	equivalent	MHC class II protein complex	human	HLA-DPA1*02:02 chain	HLA-DPB1*05:01 chain		HLA-DP5 serotype
HLA-DPA1*03:01/DPB1*04:02 protein complex	HLA-DPA1*03:01/DPB1*04:02	HLA-DPA1*0301/DPB1*0402|DPA1*0301/DPB1*0402|DPA10301/DPB10402|DPA103:01/DPB104:02	equivalent	MHC class II protein complex	human	HLA-DPA1*03:01 chain	HLA-DPB1*04:02 chain		HLA-DP4 serotype
HLA-DPB1*01:01 protein complex	HLA-DPB1*01:01	HLA-DPB1*0101|HLA-DPB1*01011|DPB1*0101|DPB10101|DPB101:01	equivalent	MHC class II protein complex	human	HLA-DPA chain	HLA-DPB1*01:01 chain		HLA-DPw1 serotype
HLA-DPB1*02:01 protein complex	HLA-DPB1*02:01	HLA-DPB1*0201|HLA-DPB1*020102|DPB1*0201|DPB10201|DPB102:01	equivalent	MHC class II protein complex	human	HLA-DPA chain	HLA-DPB1*02:01 chain		HLA-DPw2 serotype
HLA-DPB1*03:01 protein complex	HLA-DPB1*03:01	HLA-DPB1*0301|DPB1*0301|DPB10301|DPB103:01	equivalent	MHC class II protein complex	human	HLA-DPA chain	HLA-DPB1*03:01 chain		HLA-DPw3 serotype
HLA-DPB1*04:01 protein complex	HLA-DPB1*04:01	HLA-DPB1*0401|DPB1*0401|DPB10401|DPB104:01	equivalent	MHC class II protein complex	human	HLA-DPA chain	HLA-DPB1*04:01 chain		HLA-DPw4 serotype
HLA-DPB1*04:02 protein complex	HLA-DPB1*04:02	HLA-DPB1*0402|DPB1*0402|DPB10402|DPB104:02	equivalent	MHC class II protein complex	human	HLA-DPA chain	HLA-DPB1*04:02 chain		HLA-DPw4 serotype
HLA-DPB1*05:01 protein complex	HLA-DPB1*05:01	HLA-DPB1*0501|DPB1*0501|DPB10501|DPB105:01	equivalent	MHC class II protein complex	human	HLA-DPA chain	HLA-DPB1*05:01 chain		HLA-DPw5 serotype
HLA-DPB1*06:01 protein complex	HLA-DPB1*06:01	HLA-DPB1*0601|DPB1*0601|DPB10601|DPB106:01	equivalent	MHC class II protein complex	human	HLA-DPA chain	HLA-DPB1*06:01 chain		HLA-DPw6 serotype
HLA-DPB1*09:01 protein complex	HLA-DPB1*09:01	HLA-DPB1*0901|DPB1*0901|DPB10901|DPB109:01	equivalent	MHC class II protein complex	human	HLA-DPA chain	HLA-DPB1*09:01 chain		
HLA-DPB1*11:01 protein complex	HLA-DPB1*11:01	HLA-DPB1*1101|HLA-DPB1*110101|DPB1*1101|DPB11101|DPB111:01	equivalent	MHC class II protein complex	human	HLA-DPA chain	HLA-DPB1*11:01 chain		
HLA-DPB1*13:01 protein complex	HLA-DPB1*13:01	HLA-DPB1*1301|DPB1*1301|DPB11301|DPB113:01	equivalent	MHC class II protein complex	human	HLA-DPA chain	HLA-DPB1*13:01 chain		
HLA-DPB1*14:01 protein complex	HLA-DPB1*14:01	HLA-DPB1*1401|DPB1*1401|DPB11401|DPB114:01	equivalent	MHC class II protein complex	human	HLA-DPA chain	HLA-DPB1*14:01 chain		
HLA-DPB1*16:01 protein complex	HLA-DPB1*16:01	HLA-DPB1*1601|DPB1*1601|DPB11601|DPB116:01	equivalent	MHC class II protein complex	human	HLA-DPA chain	HLA-DPB1*16:01 chain		
HLA-DPB1*17:01 protein complex	HLA-DPB1*17:01	HLA-DPB1*1701|DPB1*1701|DPB11701|DPB117:01	equivalent	MHC class II protein complex	human	HLA-DPA chain	HLA-DPB1*17:01 chain		
HLA-DPB1*20:01 protein complex	HLA-DPB1*20:01	HLA-DPB1*2001|DPB1*2001|DPB12001|DPB120:01	equivalent	MHC class II protein complex	human	HLA-DPA chain	HLA-DPB1*20:01 chain		
HLA-DPB1*23:01 protein complex	HLA-DPB1*23:01	HLA-DPB1*2301|DPB1*2301|DPB12301|DPB123:01	equivalent	MHC class II protein complex	human	HLA-DPA chain	HLA-DPB1*23:01 chain		
HLA-DPB1*31:01 protein complex	HLA-DPB1*31:01	HLA-DPB1*3101|DPB1*3101|DPB13101|DPB131:01	equivalent	MHC class II protein complex	human	HLA-DPA chain	HLA-DPB1*31:01 chain		
HLA-DPB1*34:01 protein complex	HLA-DPB1*34:01	HLA-DPB1*3401|DPB1*3401|DPB13401|DPB134:01	equivalent	MHC class II protein complex	human	HLA-DPA chain	HLA-DPB1*34:01 chain		
HLA-DQ protein complex	HLA-DQ		equivalent	MHC class II protein complex	human	HLA-DQA chain	HLA-DQB chain		
HLA-DQA1*01:01 protein complex	HLA-DQA1*01:01	HLA-DQA1*0101|DQA1*0101|DQA10101|DQA101:01	equivalent	MHC class II protein complex	human	HLA-DQA1*01:01 chain	HLA-DQB chain		
HLA-DQA1*01:01/DQB1*05:01 protein complex	HLA-DQA1*01:01/DQB1*05:01	HLA-DQA1*0101/DQB1*0501|DQA1*0101/DQB1*0501|DQA10101/DQB10501|DQA101:01/DQB105:01	equivalent	MHC class II protein complex	human	HLA-DQA1*01:01 chain	HLA-DQB1*05:01 chain		HLA-DQ5 serotype
HLA-DQA1*01:01/DQB1*05:03 protein complex	HLA-DQA1*01:01/DQB1*05:03	HLA-DQA1*0101/DQB1*0503|DQA1*0101/DQB1*0503|DQA10101/DQB10503|DQA101:01/DQB105:03	equivalent	MHC class II protein complex	human	HLA-DQA1*01:01 chain	HLA-DQB1*05:03 chain		HLA-DQ5 serotype
HLA-DQA1*01:02 protein complex	HLA-DQA1*01:02	HLA-DQA1*0102|DQA1*0102|DQA10102|DQA101:02	equivalent	MHC class II protein complex	human	HLA-DQA1*01:02 chain	HLA-DQB chain		
HLA-DQA1*01:02/DQB1*03:01 protein complex	HLA-DQA1*01:02/DQB1*03:01	DQ3t12|HLA-DQA*0102/DQB1*0301|DQA1*0102/DQB1*0301|DQA10102/DQB10301|DQA101:02/DQB103:01	equivalent	MHC class II protein complex	human	HLA-DQA1*01:02 chain	HLA-DQB1*03:01 chain		HLA-DQ3t12 serotype
HLA-DQA1*01:02/DQB1*05:01 protein complex	HLA-DQA1*01:02/DQB1*05:01	DQA1*0102/DQB1*0501|DQA10102/DQB10501|DQA101:02/DQB105:01	equivalent	MHC class II protein complex	human	HLA-DQA1*01:02 chain	HLA-DQB1*05:01 chain		HLA-DQ5 serotype
HLA-DQA1*01:02/DQB1*05:02 protein complex	HLA-DQA1*01:02/DQB1*05:02	HLA-DQA1*0102/DQB1*0502|DQA1*0102/DQB1*0502|DQA10102/DQB10502|DQA101:02/DQB105:02	equivalent	MHC class II protein complex	human	HLA-DQA1*01:02 chain	HLA-DQB1*05:02 chain		HLA-DQ5 serotype
HLA-DQA1*01:02/DQB1*06:02 protein complex	HLA-DQA1*01:02/DQB1*06:02	HLA-DQA1*0102/DQB1*0602|DQA1*0102/DQB1*0602|DQA10102/DQB10602|DQA101:02/DQB106:02	equivalent	MHC class II protein complex	human	HLA-DQA1*01:02 chain	HLA-DQB1*06:02 chain		HLA-DQ6 serotype
HLA-DQA1*01:02/DQB1*06:04 protein complex	HLA-DQA1*01:02/DQB1*06:04	HLA-DQA1*0102/DQB1*0604|DQA1*0102/DQB1*0604|DQA10102/DQB10604|DQA101:02/DQB106:04	equivalent	MHC class II protein complex	human	HLA-DQA1*01:02 chain	HLA-DQB1*06:04 chain		HLA-DQ6 serotype
HLA-DQA1*01:03/DQB1*03:02 protein complex	HLA-DQA1*01:03/DQB1*03:02	HLA-DQA1*0103/DQB1*0302|DQA1*0103/DQB1*0302|DQA10103/DQB10302|DQA101:03/DQB103:02	equivalent	MHC class II protein complex	human	HLA-DQA1*01:03 chain	HLA-DQB1*03:02 chain		HLA-DQ8 serotype
HLA-DQA1*01:03/DQB1*06:01 protein complex	HLA-DQA1*01:03/DQB1*06:01	HLA-DQA1*0103/DQB1*0601|DQA1*0103/DQB1*0601|DQA10103/DQB10601|DQA101:03/DQB106:01	equivalent	MHC class II protein complex	human	HLA-DQA1*01:03 chain	HLA-DQB1*06:01 chain		HLA-DQ6 serotype
HLA-DQA1*01:03/DQB1*06:03 protein complex	HLA-DQA1*01:03/DQB1*06:03	HLA-DQA1*0103/DQB1*0603|DQA1*0103/DQB1*0603|DQA10103/DQB10603|DQA101:03/DQB106:03	equivalent	MHC class II protein complex	human	HLA-DQA1*01:03 chain	HLA-DQB1*06:03 chain		HLA-DQ6 serotype
HLA-DQA1*01:04/DQB1*05:03 protein complex	HLA-DQA1*01:04/DQB1*05:03	HLA-DQA1*0104/DQB1*0503|DQA1*0104/DQB1*0503|DQA10104/DQB10503|DQA101:04/DQB105:03	equivalent	MHC class II protein complex	human	HLA-DQA1*01:04 chain	HLA-DQB1*05:03 chain		HLA-DQ5 serotype
HLA-DQA1*02:01 protein complex	HLA-DQA1*02:01	HLA-DQA1*0201|DQA1*0201|DQA10201|DQA102:01	equivalent	MHC class II protein complex	human	HLA-DQA1*02:01 chain	HLA-DQB chain		
HLA-DQA1*02:01/DQB1*02:01 protein complex	HLA-DQA1*02:01/DQB1*02:01	HLA-DQA1*0201/DQB1*0201|DQA1*0201/DQB1*0201|DQA10201/DQB10201|DQA102:01/DQB102:01	equivalent	MHC class II protein complex	human	HLA-DQA1*02:01 chain	HLA-DQB1*02:01 chain		HLA-DQ2 serotype
HLA-DQA1*02:01/DQB1*02:02 protein complex	HLA-DQA1*02:01/DQB1*02:02	HLA-DQA1*0201/DQB1*0202|DQA1*0201/DQB1*0202|DQA10201/DQB10202|DQA102:01/DQB102:02	equivalent	MHC class II protein complex	human	HLA-DQA1*02:01 chain	HLA-DQB1*02:02 chain		HLA-DQ2 serotype
HLA-DQA1*02:01/DQB1*03:01 protein complex	HLA-DQA1*02:01/DQB1*03:01	DQA1*0201/DQB1*0301|DQA10201/DQB10301|DQA102:01/DQB103:01	equivalent	MHC class II protein complex	human	HLA-DQA1*02:01 chain	HLA-DQB1*03:01 chain		HLA-DQ7 serotype
HLA-DQA1*02:01/DQB1*03:03 protein complex	HLA-DQA1*02:01/DQB1*03:03	DQA1*0201/DQB1*0303|DQA1*0201/DQB1*0303|DQA10201/DQB10303|DQA102:01/DQB103:03	equivalent	MHC class II protein complex	human	HLA-DQA1*02:01 chain	HLA-DQB1*03:03 chain		HLA-DQ9.2 serotype
HLA-DQA1*02:01/DQB1*04:02 protein complex	HLA-DQA1*02:01/DQB1*04:02	DQA1*0201/DQB1*0402|DQA10201/DQB10402|DQA102:01/DQB104:02	equivalent	MHC class II protein complex	human	HLA-DQA1*02:01 chain	HLA-DQB1*04:02 chain		HLA-DQ4 serotype
HLA-DQA1*03:01 protein complex	HLA-DQA1*03:01	HLA-DQA1*0301|DQA1*0301|DQA10301|DQA103:01	equivalent	MHC class II protein complex	human	HLA-DQA1*03:01 chain	HLA-DQB chain		HLA-DQ7 serotype
HLA-DQA1*03:01/DQB1*02:01 protein complex	HLA-DQA1*03:01/DQB1*02:01	DQA1*0301/DQB1*0201|DQA10301/DQB10201|DQA103:01/DQB102:01	equivalent	MHC class II protein complex	human	HLA-DQA1*03:01 chain	HLA-DQB1*02:01 chain		HLA-DQ2.3 serotype
HLA-DQA1*03:01/DQB1*03:01 protein complex	HLA-DQA1*03:01/DQB1*03:01	HLA-DQA1*0301/DQB1*0301|DQA1*0301/DQB1*0301|DQA10301/DQB10301|DQA103:01/DQB103:01	equivalent	MHC class II protein complex	human	HLA-DQA1*03:01 chain	HLA-DQB1*03:01 chain		HLA-DQ7 serotype
HLA-DQA1*03:01/DQB1*03:02 protein complex	HLA-DQA1*03:01/DQB1*03:02	HLA-DQA1*0301/DQB1*0302|DQA1*0301/DQB1*0302|DQA10301/DQB10302|DQA103:01/DQB103:02	equivalent	MHC class II protein complex	human	HLA-DQA1*03:01 chain	HLA-DQB1*03:02 chain		HLA-DQ8 serotype
HLA-DQA1*03:01/DQB1*04:01 protein complex	HLA-DQA1*03:01/DQB1*04:01	HLA-DQA1*0301/DQB1*0401|DQA1*0301/DQB1*0401|DQA10301/DQB10401|DQA103:01/DQB104:01	equivalent	MHC class II protein complex	human	HLA-DQA1*03:01 chain	HLA-DQB1*04:01 chain		HLA-DQ4 serotype
HLA-DQA1*03:02/DQB1*03:01 protein complex	HLA-DQA1*03:02/DQB1*03:01	HLA-DQ7.3|HLA-DQA1*03:02/DQB1*03:01|DQA10302/DQB10301	equivalent	MHC class II protein complex	human	HLA-DQA1*03:02 chain	HLA-DQB1*03:01 chain		HLA-DQ7 serotype
HLA-DQA1*03:02/DQB1*03:03 protein complex	HLA-DQA1*03:02/DQB1*03:03	HLA-DQA1*0302/DQB1*0303|DQA1*0302/DQB1*0303|DQA10302/DQB10303|DQA103:02/DQB103:03	equivalent	MHC class II protein complex	human	HLA-DQA1*03:02 chain	HLA-DQB1*03:03 chain		HLA-DQ9 serotype
HLA-DQA1*03:02/DQB1*04:01 protein complex	HLA-DQA1*03:02/DQB1*04:01	HLA-DQA1*0302/DQB1*0401|DQA1*0302/DQB1*0401|DQA10302/DQB10401|DQA103:02/DQB104:01	equivalent	MHC class II protein complex	human	HLA-DQA1*03:02 chain	HLA-DQB1*04:01 chain		HLA-DQ4 serotype
HLA-DQA1*03:03/DQB1*03:01 protein complex	HLA-DQA1*03:03/DQB1*03:01	DQ3|HLA-DQA1*0303/DQB1*0301|DQA1*0303/DQB1*0301|DQA10303/DQB10301|DQA103:03/DQB103:01	equivalent	MHC class II protein complex	human	HLA-DQA1*03:03 chain	HLA-DQB1*03:01 chain		HLA-DQ3.33 serotype
HLA-DQA1*03:03/DQB1*04:02 protein complex	HLA-DQA1*03:03/DQB1*04:02	DQA1*0303/DQB1*0402|DQA10303/DQB10402|DQA103:03/DQB104:02	equivalent	MHC class II protein complex	human	HLA-DQA1*03:03 chain	HLA-DQB1*04:02 chain		HLA-DQ4 serotype
HLA-DQA1*04:01/DQB1*04:02 protein complex	HLA-DQA1*04:01/DQB1*04:02	HLA-DQA1*0401/DQB1*0402|DQA1*0401/DQB1*0402|DQA10401/DQB10402|DQA104:01/DQB104:02	equivalent	MHC class II protein complex	human	HLA-DQA1*04:01 chain	HLA-DQB1*04:02 chain		HLA-DQ4 serotype
HLA-DQA1*05:01 protein complex	HLA-DQA1*05:01	HLA-DQA1*0501|DQA1*0501|DQA10501|DQA105:01	equivalent	MHC class II protein complex	human	HLA-DQA1*05:01 chain	HLA-DQB chain		
HLA-DQA1*05:01/DQB1*02:01 protein complex	HLA-DQA1*05:01/DQB1*02:01	HLA-DQA1*0501/DQB1*0201|DQA1*0501/DQB1*0201|DQA10501/DQB10201|DQA105:01/DQB102:01	equivalent	MHC class II protein complex	human	HLA-DQA1*05:01 chain	HLA-DQB1*02:01 chain		HLA-DQ2 serotype
HLA-DQA1*05:01/DQB1*03:01 protein complex	HLA-DQA1*05:01/DQB1*03:01	HLA-DQA1*0501/DQB1*0301|DQA1*0501/DQB1*0301|DQA10501/DQB10301|DQA105:01/DQB103:01	equivalent	MHC class II protein complex	human	HLA-DQA1*05:01 chain	HLA-DQB1*03:01 chain		HLA-DQ7 serotype
HLA-DQA1*05:01/DQB1*03:02 protein complex	HLA-DQA1*05:01/DQB1*03:02	HLA-DQA1*0501/HLA-DQB1*0302|DQA1*0501/DQB1*0302|DQA10501/DQB10302|DQA105:01/DQB103:02	equivalent	MHC class II protein complex	human	HLA-DQA1*05:01 chain	HLA-DQB1*03:02 chain		HLA-DQ8 serotype
HLA-DQA1*05:01/DQB1*03:03 protein complex	HLA-DQA1*05:01/DQB1*03:03	DQA1*0501/DQB1*0303|DQA10501/DQB10303|DQA105:01/DQB103:03	equivalent	MHC class II protein complex	human	HLA-DQA1*05:01 chain	HLA-DQB1*03:03 chain		HLA-DQ9 serotype
HLA-DQA1*05:01/DQB1*04:02 protein complex	HLA-DQA1*05:01/DQB1*04:02	DQA1*0501/DQB1*0402|DQA10501/DQB10402|DQA105:01/DQB104:02	equivalent	MHC class II protein complex	human	HLA-DQA1*05:01 chain	HLA-DQB1*04:02 chain		HLA-DQ4 serotype
HLA-DQA1*05:05/DQB1*03:01 protein complex	HLA-DQA1*05:05/DQB1*03:01	HLA-DQA1*0505/DQB1*0301|DQA1*0505/DQB1*0301|DQA10505/DQB10301|DQA105:05/DQB103:01	equivalent	MHC class II protein complex	human	HLA-DQA1*05:05 chain	HLA-DQB1*03:01 chain		HLA-DQ7 serotype
HLA-DQA1*06:01/DQB1*04:02 protein complex	HLA-DQA1*06:01/DQB1*04:02	DQA1*0601/DQB1*0402|DQA10601/DQB10402|DQA106:01/DQB104:02	equivalent	MHC class II protein complex	human	HLA-DQA1*06:01 chain	HLA-DQB1*04:02 chain		HLA-DQ4 serotype
HLA-DQB*03:02 protein complex	HLA-DQB*03:02	HLA-DQB*0302|DQB*0302|DQB0302|DQB03:02	equivalent	MHC class II protein complex	human	HLA-DQA chain	HLA-DQB*03:02 chain		HLA-DQ8 serotype
HLA-DQB1*02:01 protein complex	HLA-DQB1*02:01	HLA-DQB1*0201|DQB1*0201|DQB10201|DQB102:01	equivalent	MHC class II protein complex	human	HLA-DQA chain	HLA-DQB1*02:01 chain		HLA-DQ2 serotype
HLA-DQB1*02:02 protein complex	HLA-DQB1*02:02	HLA-DQB1*0202|DQB1*0202|DQB10202|DQB102:02	equivalent	MHC class II protein complex	human	HLA-DQA chain	HLA-DQB1*02:02 chain		HLA-DQ2 serotype
HLA-DQB1*03:01 protein complex	HLA-DQB1*03:01	HLA-DQB1*0301|DQB1*0301|DQB10301|DQB103:01	equivalent	MHC class II protein complex	human	HLA-DQA chain	HLA-DQB1*03:01 chain		HLA-DQ7 serotype
HLA-DQB1*03:02 protein complex	HLA-DQB1*03:02	HLA-DQB1*0302|DQB1*0302|DQB10302|DQB103:02	equivalent	MHC class II protein complex	human	HLA-DQA chain	HLA-DQB1*03:02 chain		HLA-DQ8 serotype
HLA-DQB1*03:03 protein complex	HLA-DQB1*03:03	HLA-DQB1*0303|DQB1*0303|DQB10303|DQB103:03	equivalent	MHC class II protein complex	human	HLA-DQA chain	HLA-DQB1*03:03 chain		HLA-DQ9 serotype
HLA-DQB1*03:04 protein complex	HLA-DQB1*03:04	HLA-DQB1*0304|DQB1*0304|DQB10304|DQB103:04	equivalent	MHC class II protein complex	human	HLA-DQA chain	HLA-DQB1*03:04 chain		HLA-DQ7 serotype
HLA-DQB1*03:05 protein complex	HLA-DQB1*03:05	HLA-DQB1*0305|DQB1*0305|DQB10305|DQB103:05	equivalent	MHC class II protein complex	human	HLA-DQA chain	HLA-DQB1*03:05 chain		
HLA-DQB1*03:19 protein complex	HLA-DQB1*03:19	DQB1*0319|DQB10319|DQB103:19	equivalent	MHC class II protein complex	human	HLA-DQA chain	HLA-DQB1*03:19 chain		HLA-DQ7 serotype
HLA-DQB1*04:01 protein complex	HLA-DQB1*04:01	HLA-DQB1*0401|DQB1*0401|DQB10401|DQB104:01	equivalent	MHC class II protein complex	human	HLA-DQA chain	HLA-DQB1*04:01 chain		HLA-DQ4 serotype
HLA-DQB1*04:02 protein complex	HLA-DQB1*04:02	HLA-DQB1*0402|DQB1*0402|DQB10402|DQB104:02	equivalent	MHC class II protein complex	human	HLA-DQA chain	HLA-DQB1*04:02 chain		HLA-DQ4 serotype
HLA-DQB1*05:01 protein complex	HLA-DQB1*05:01	HLA-DQB1*0501|DQB1*0501|DQB10501|DQB105:01	equivalent	MHC class II protein complex	human	HLA-DQA chain	HLA-DQB1*05:01 chain		HLA-DQ5 serotype
HLA-DQB1*05:02 protein complex	HLA-DQB1*05:02	HLA-DQB1*0502|DQB1*0502|DQB10502|DQB105:02	equivalent	MHC class II protein complex	human	HLA-DQA chain	HLA-DQB1*05:02 chain		
HLA-DQB1*05:03 protein complex	HLA-DQB1*05:03	HLA-DQB1*0503|DQB1*0503|DQB10503|DQB105:03	equivalent	MHC class II protein complex	human	HLA-DQA chain	HLA-DQB1*05:03 chain		HLA-DQ5 serotype
HLA-DQB1*06:01 protein complex	HLA-DQB1*06:01	HLA-DQB1*0601|DQB1*0601|DQB10601|DQB106:01	equivalent	MHC class II protein complex	human	HLA-DQA chain	HLA-DQB1*06:01 chain		HLA-DQ6 serotype
HLA-DQB1*06:02 protein complex	HLA-DQB1*06:02	HLA-DQB1*0602|DQB1*0602|DQB10602|DQB106:02	equivalent	MHC class II protein complex	human	HLA-DQA chain	HLA-DQB1*06:02 chain		HLA-DQ6 serotype
HLA-DQB1*06:03 protein complex	HLA-DQB1*06:03	HLA-DQB1*0603|DQB1*0603|DQB10603|DQB106:03	equivalent	MHC class II protein complex	human	HLA-DQA chain	HLA-DQB1*06:03 chain		HLA-DQ6 serotype
HLA-DQB1*06:04 protein complex	HLA-DQB1*06:04	HLA-DQB1*0604|DQB1*0604|DQB10604|DQB106:04	equivalent	MHC class II protein complex	human	HLA-DQA chain	HLA-DQB1*06:04 chain		HLA-DQ6 serotype
HLA-DQB1*06:05 protein complex	HLA-DQB1*06:05	HLA-DQB1*0605|DQB1*0605|DQB10605|DQB106:05	equivalent	MHC class II protein complex	human	HLA-DQA chain	HLA-DQB1*06:05 chain		HLA-DQ6 serotype
HLA-DQB1*06:09 protein complex	HLA-DQB1*06:09	HLA-DQB1*0609|DQB1*0609|DQB10609|DQB106:09	equivalent	MHC class II protein complex	human	HLA-DQA chain	HLA-DQB1*06:09 chain		HLA-DQ6 serotype
HLA-DRA*01:01/DRB1*01:01 protein complex	HLA-DRA*01:01/DRB1*01:01	HLA-DRA*0101/DRB1*0101|HLA-DRA1*0101/DRB1*0101|DRA*0101/DRB1*0101|DRA0101/DRB10101|DRA01:01/DRB101:01	equivalent	MHC class II protein complex	human	HLA-DRA*01:01 chain	HLA-DRB1*01:01 chain		HLA-DR1 serotype
HLA-DRA*01:01/DRB1*03:01 protein complex	HLA-DRA*01:01/DRB1*03:01	HLA-DRA*0101/DRB1*0301|HLA-DRA1*0101/DRB1*0301|DRA*0101/DRB1*0301|DRA0101/DRB10301|DRA01:01/DRB103:01	equivalent	MHC class II protein complex	human	HLA-DRA*01:01 chain	HLA-DRB1*03:01 chain		HLA-DR3 serotype
HLA-DRA*01:01/DRB1*04:01 protein complex	HLA-DRA*01:01/DRB1*04:01	HLA-DRA*0101/DRB1*0401|HLA-DRA1*0101/DRB1*0401|DRA*0101/DRB1*0401|DRA0101/DRB10401|DRA01:01/DRB104:01	equivalent	MHC class II protein complex	human	HLA-DRA*01:01 chain	HLA-DRB1*04:01 chain		HLA-DR4 serotype
HLA-DRA*01:01/DRB1*04:04 protein complex	HLA-DRA*01:01/DRB1*04:04	HLA-DRA*0101/DRB1*0404|HLA-DRA1*0101/DRB1*0404|DRA*0101/DRB1*0404|DRA0101/DRB10404|DRA01:01/DRB104:04	equivalent	MHC class II protein complex	human	HLA-DRA*01:01 chain	HLA-DRB1*04:04 chain		HLA-DR4 serotype
HLA-DRA*01:01/DRB1*07:01 protein complex	HLA-DRA*01:01/DRB1*07:01	HLA-DRA*0101/DRB1*0701|HLA-DRA1*0101/DRB1*0701|DRA*0101/DRB1*0701|DRA0101/DRB10701|DRA01:01/DRB107:01	equivalent	MHC class II protein complex	human	HLA-DRA*01:01 chain	HLA-DRB1*07:01 chain		HLA-DR7 serotype
HLA-DRA*01:01/DRB1*08:01 protein complex	HLA-DRA*01:01/DRB1*08:01	HLA-DRA*0101/DRB1*0801|HLA-DRA/HLA-DRB1*0801|DRA*0101/DRB1*0801|DRA0101/DRB10801|DRA01:01/DRB108:01	equivalent	MHC class II protein complex	human	HLA-DRA*01:01 chain	HLA-DRB1*08:01 chain		HLA-DR8 serotype
HLA-DRA*01:01/DRB1*09:01 protein complex	HLA-DRA*01:01/DRB1*09:01	HLA-DRA*0101/DRB1*0901|DRA*0101/DRB1*0901|DRA0101/DRB10901|DRA01:01/DRB109:01	equivalent	MHC class II protein complex	human	HLA-DRA*01:01 chain	HLA-DRB1*09:01 chain		HLA-DR9 serotype
HLA-DRA*01:01/DRB1*11:01 protein complex	HLA-DRA*01:01/DRB1*11:01	HLA-DRA*0101/DRB1*1101|DRA*0101/DRB1*1101|DRA0101/DRB11101|DRA01:01/DRB111:01	equivalent	MHC class II protein complex	human	HLA-DRA*01:01 chain	HLA-DRB1*11:01 chain		HLA-DR11 serotype
HLA-DRA*01:01/DRB1*13:01 protein complex	HLA-DRA*01:01/DRB1*13:01	HLA-DRA*0101/DRB1*1301|DRA*0101/DRB1*1301|DRA0101/DRB11301|DRA01:01/DRB113:01	equivalent	MHC class II protein complex	human	HLA-DRA*01:01 chain	HLA-DRB1*13:01 chain		HLA-DR13 serotype
HLA-DRA*01:01/DRB1*13:02 protein complex	HLA-DRA*01:01/DRB1*13:02	HLA-DRA*0101/DRB1*1302|DRA*0101/DRB1*1302|DRA0101/DRB11302|DRA01:01/DRB113:02	equivalent	MHC class II protein complex	human	HLA-DRA*01:01 chain	HLA-DRB1*13:02 chain		HLA-DR13 serotype
HLA-DRA*01:01/DRB1*14:54 protein complex	HLA-DRA*01:01/DRB1*14:54	HLA-DRA*0101/DRB1*1454|DRA*0101/DRB1*1454|DRA0101/DRB11454|DRA01:01/DRB114:54	equivalent	MHC class II protein complex	human	HLA-DRA*01:01 chain	HLA-DRB1*14:54 chain		HLA-DR14 serotype
HLA-DRA*01:01/DRB1*15:01 protein complex	HLA-DRA*01:01/DRB1*15:01	HLA-DRA*0101/DRB1*1501|DRA*0101/DRB1*1501|DRA0101/DRB11501|DRA01:01/DRB115:01	equivalent	MHC class II protein complex	human	HLA-DRA*01:01 chain	HLA-DRB1*15:01 chain		HLA-DR2 serotype
HLA-DRA*01:01/DRB3*01:01 protein complex	HLA-DRA*01:01/DRB3*01:01	HLA-DRA*0101/DRB3*0101|DRA*0101/DRB3*0101|DRA0101/DRB30101|DRA01:01/DRB301:01	equivalent	MHC class II protein complex	human	HLA-DRA*01:01 chain	HLA-DRB3*01:01 chain		HLA-DR52 serotype
HLA-DRA*01:01/DRB3*02:02 protein complex	HLA-DRA*01:01/DRB3*02:02	HLA-DRA*0101/DRB3*0202|DRA*0101/DRB3*0202|DRA0101/DRB30202|DRA01:01/DRB302:02	equivalent	MHC class II protein complex	human	HLA-DRA*01:01 chain	HLA-DRB3*02:02 chain		HLA-DR52 serotype
HLA-DRA*01:01/DRB3*03:01 protein complex	HLA-DRA*01:01/DRB3*03:01	HLA-DRA*0101/DRB3*0301|DRA*0101/DRB3*0301|DRA0101/DRB30301|DRA01:01/DRB303:01	equivalent	MHC class II protein complex	human	HLA-DRA*01:01 chain	HLA-DRB3*03:01 chain		HLA-DR52 serotype
HLA-DRA*01:01/DRB4*01:01 protein complex	HLA-DRA*01:01/DRB4*01:01	HLA-DRA*0101/DRB4*0101|DRA*0101/DRB4*0101|DRA0101/DRB40101|DRA01:01/DRB401:01	equivalent	MHC class II protein complex	human	HLA-DRA*01:01 chain	HLA-DRB4*01:01 chain		HLA-DR53 serotype
HLA-DRA*01:01/DRB4*01:03 protein complex	HLA-DRA*01:01/DRB4*01:03	HLA-DRA*0101/DRB4*0103|DRA*0101/DRB4*0103|DRA0101/DRB40103|DRA01:01/DRB401:03	equivalent	MHC class II protein complex	human	HLA-DRA*01:01 chain	HLA-DRB4*01:03 chain		HLA-DR53 serotype
HLA-DRA*01:01/DRB5*01:01 protein complex	HLA-DRA*01:01/DRB5*01:01	HLA-DRA*0101/DRB5*0101|DRA*0101/DRB5*0101|DRA0101/DRB50101|DRA01:01/DRB501:01	equivalent	MHC class II protein complex	human	HLA-DRA*01:01 chain	HLA-DRB5*01:01 chain		HLA-DR51 serotype
HLA-DRA*01:02/DRB1*03:01 protein complex	HLA-DRA*01:02/DRB1*03:01	DRA*0102/DRB1*0301|DRA0102/DRB10301|DRA01:02/DRB103:01	equivalent	MHC class II protein complex	human	HLA-DRA*01:02 chain	HLA-DRB1*03:01 chain		HLA-DR17 serotype
HLA-DRA*01:02/DRB1*13:01 protein complex	HLA-DRA*01:02/DRB1*13:01	DRA*0102/DRB1*1301|DRA0102/DRB11301|DRA01:02/DRB113:01	equivalent	MHC class II protein complex	human	HLA-DRA*01:02 chain	HLA-DRB1*13:01 chain		HLA-DR13 serotype
HLA-DRA*01:02/DRB3*01:01 protein complex	HLA-DRA*01:02/DRB3*01:01	DRA*0102/DRB3*0101|DRA0102/DRB30101|DRA01:02/DRB301:01	equivalent	MHC class II protein complex	human	HLA-DRA*01:02 chain	HLA-DRB3*01:01 chain		HLA-DR52 serotype
HLA-DRA*01:02/DRB3*02:02 protein complex	HLA-DRA*01:02/DRB3*02:02	DRA*0102/DRB3*0202|DRA0102/DRB30202|DRA01:02/DRB302:02	equivalent	MHC class II protein complex	human	HLA-DRA*01:02 chain	HLA-DRB3*02:02 chain		HLA-DR52 serotype
HLA-DRB1 protein complex	HLA-DRB1		equivalent	MHC class II protein complex	human	HLA-DRA chain	HLA-DRB1 chain		
HLA-DRB1*01:01 protein complex	HLA-DRB1*01:01	HLA-DRB1*0101|HLA-DRB1*010101|DRB1*0101|DRB10101|DRB101:01	equivalent	MHC class II protein complex	human	HLA-DRA chain	HLA-DRB1*01:01 chain		HLA-DR1 serotype
HLA-DRB1*01:02 protein complex	HLA-DRB1*01:02	HLA-DRB1*0102|HLA-DRB1*010201|DRB1*0102|DRB10102|DRB101:02	equivalent	MHC class II protein complex	human	HLA-DRA chain	HLA-DRB1*01:02 chain		HLA-DR1 serotype
HLA-DRB1*01:03 protein complex	HLA-DRB1*01:03	HLA-DRB1*0103|DRB1*0103|DRB10103|DRB101:03	equivalent	MHC class II protein complex	human	HLA-DRA chain	HLA-DRB1*01:03 chain		HLA-DR103 serotype
HLA-DRB1*01:04 protein complex	HLA-DRB1*01:04	HLA-DRB1*0104|DRB1*0104|DRB10104|DRB101:04	equivalent	MHC class II protein complex	human	HLA-DRA chain	HLA-DRB1*01:04 chain		HLA-DR1 serotype
HLA-DRB1*01:07 protein complex	HLA-DRB1*01:07	HLA-DRB1*0107|DRB1*0107|DRB10107|DRB101:07	equivalent	MHC class II protein complex	human	HLA-DRA chain	HLA-DRB1*01:07 chain		HLA-DR1 serotype
HLA-DRB1*03:01 protein complex	HLA-DRB1*03:01	HLA-DRB1*0301|HLA-DRB1*03011|DRB1*0301|DRB10301|DRB103:01	equivalent	MHC class II protein complex	human	HLA-DRA chain	HLA-DRB1*03:01 chain		HLA-DR17 serotype
HLA-DRB1*03:02 protein complex	HLA-DRB1*03:02	HLA-DRB1*0302|DRB1*0302|DRB10302|DRB103:02	equivalent	MHC class II protein complex	human	HLA-DRA chain	HLA-DRB1*03:02 chain		HLA-DR18 serotype
HLA-DRB1*03:03 protein complex	HLA-DRB1*03:03	HLA-DRB1*0303|DRB1*0303|DRB10303|DRB103:03	equivalent	MHC class II protein complex	human	HLA-DRA chain	HLA-DRB1*03:03 chain		HLA-DR18 serotype
HLA-DRB1*03:04 protein complex	HLA-DRB1*03:04	HLA-DRB1*0304|DRB1*0304|DRB10304|DRB103:04	equivalent	MHC class II protein complex	human	HLA-DRA chain	HLA-DRB1*03:04 chain		HLA-DR17 serotype
HLA-DRB1*03:05 protein complex	HLA-DRB1*03:05	HLA-DRB1*0305|DRB1*0305|DRB10305|DRB103:05	equivalent	MHC class II protein complex	human	HLA-DRA chain	HLA-DRB1*03:05 chain		HLA-DR3 serotype
HLA-DRB1*03:11 protein complex	HLA-DRB1*03:11	HLA-DRB1*0311|DRB1*0311|DRB10311|DRB103:11	equivalent	MHC class II protein complex	human	HLA-DRA chain	HLA-DRB1*03:11 chain		HLA-DR17 serotype
HLA-DRB1*04:01 protein complex	HLA-DRB1*04:01	HLA-DRB1*0401|HLA-DRB1*040101|DRB1*0401|DRB10401|DRB104:01	equivalent	MHC class II protein complex	human	HLA-DRA chain	HLA-DRB1*04:01 chain		HLA-DR4 serotype
HLA-DRB1*04:02 protein complex	HLA-DRB1*04:02	HLA-DRB1*0402|DRB1*0402|DRB10402|DRB104:02	equivalent	MHC class II protein complex	human	HLA-DRA chain	HLA-DRB1*04:02 chain		HLA-DR4 serotype
HLA-DRB1*04:03 protein complex	HLA-DRB1*04:03	HLA-DRB1*0403|HLA-DRB1*040301|DRB1*0403|DRB10403|DRB104:03	equivalent	MHC class II protein complex	human	HLA-DRA chain	HLA-DRB1*04:03 chain		HLA-DR4 serotype
HLA-DRB1*04:04 protein complex	HLA-DRB1*04:04	HLA-DRB1*0404|DRB1*0404|DRB10404|DRB104:04	equivalent	MHC class II protein complex	human	HLA-DRA chain	HLA-DRB1*04:04 chain		HLA-DR4 serotype
HLA-DRB1*04:05 protein complex	HLA-DRB1*04:05	HLA-DRB1*0405|HLA-DRB1*040501|DRB1*0405|DRB10405|DRB104:05	equivalent	MHC class II protein complex	human	HLA-DRA chain	HLA-DRB1*04:05 chain		HLA-DR4 serotype
HLA-DRB1*04:06 protein complex	HLA-DRB1*04:06	HLA-DRB1*0406|DRB1*0406|DRB10406|DRB104:06	equivalent	MHC class II protein complex	human	HLA-DRA chain	HLA-DRB1*04:06 chain		HLA-DR4 serotype
HLA-DRB1*04:07 protein complex	HLA-DRB1*04:07	HLA-DRB1*0407|HLA-DRB1*040701|DRB1*0407|DRB10407|DRB104:07	equivalent	MHC class II protein complex	human	HLA-DRA chain	HLA-DRB1*04:07 chain		HLA-DR4 serotype
HLA-DRB1*04:08 protein complex	HLA-DRB1*04:08	HLA-DRB1*0408|DRB1*0408|DRB10408|DRB104:08	equivalent	MHC class II protein complex	human	HLA-DRA chain	HLA-DRB1*04:08 chain		HLA-DR4 serotype
HLA-DRB1*04:10 protein complex	HLA-DRB1*04:10	HLA-DRB1*0410|DRB1*0410|DRB10410|DRB104:10	equivalent	MHC class II protein complex	human	HLA-DRA chain	HLA-DRB1*04:10 chain		HLA-DR4 serotype
HLA-DRB1*04:11 protein complex	HLA-DRB1*04:11	DRB1*0411|DRB10411|DRB104:11	equivalent	MHC class II protein complex	human	HLA-DRA chain	HLA-DRB1*04:11 chain		HLA-DR4 serotype
HLA-DRB1*07:01 protein complex	HLA-DRB1*07:01	HLA-DRB1*0701|HLA-DRB1*070101|DRB1*0701|DRB10701|DRB107:01	equivalent	MHC class II protein complex	human	HLA-DRA chain	HLA-DRB1*07:01 chain		HLA-DR7 serotype
HLA-DRB1*07:03 protein complex	HLA-DRB1*07:03	HLA-DRB1*0703|DRB1*0703|DRB10703|DRB107:03	equivalent	MHC class II protein complex	human	HLA-DRA chain	HLA-DRB1*07:03 chain		
HLA-DRB1*08:01 protein complex	HLA-DRB1*08:01	HLA-DRB1*0801|HLA-DRB1*080101|DRB1*0801|DRB10801|DRB108:01	equivalent	MHC class II protein complex	human	HLA-DRA chain	HLA-DRB1*08:01 chain		HLA-DR8 serotype
HLA-DRB1*08:02 protein complex	HLA-DRB1*08:02	HLA-DRB1*0802|HLA-DRB1*080201|DRB1*0802|DRB10802|DRB108:02	equivalent	MHC class II protein complex	human	HLA-DRA chain	HLA-DRB1*08:02 chain		HLA-DR8 serotype
HLA-DRB1*08:03 protein complex	HLA-DRB1*08:03	HLA-DRB1*0803|HLA-DRB1*080302|DRB1*0803|DRB10803|DRB108:03	equivalent	MHC class II protein complex	human	HLA-DRA chain	HLA-DRB1*08:03 chain		HLA-DR8 serotype
HLA-DRB1*08:04 protein complex	HLA-DRB1*08:04	DRB1*0804|DRB10804|DRB108:04	equivalent	MHC class II protein complex	human	HLA-DRA chain	HLA-DRB1*08:04 chain		HLA-DR8 serotype
HLA-DRB1*08:18 protein complex	HLA-DRB1*08:18	HLA-DRB1*0818|DRB1*0818|DRB10818|DRB108:18	equivalent	MHC class II protein complex	human	HLA-DRA chain	HLA-DRB1*08:18 chain		HLA-DR8 serotype
HLA-DRB1*08:20 protein complex	HLA-DRB1*08:20	HLA-DRB1*0820|DRB1*0820|DRB10820|DRB108:20	equivalent	MHC class II protein complex	human	HLA-DRA chain	HLA-DRB1*08:20 chain		HLA-DR8 serotype
HLA-DRB1*09:01 protein complex	HLA-DRB1*09:01	HLA-DRB1*0901|HLA-DRB1*090102|DRB1*0901|DRB10901|DRB109:01	equivalent	MHC class II protein complex	human	HLA-DRA chain	HLA-DRB1*09:01 chain		HLA-DR9 serotype
HLA-DRB1*10:01 protein complex	HLA-DRB1*10:01	HLA-DRB1*1001|HLA-DRB1*100101|DRB1*1001|DRB11001|DRB110:01	equivalent	MHC class II protein complex	human	HLA-DRA chain	HLA-DRB1*10:01 chain		HLA-DR10 serotype
HLA-DRB1*11:01 protein complex	HLA-DRB1*11:01	HLA-DRB1*1101|HLA-DRB1*110101|HLA-DRB1*11011|DRB1*1101|DRB11101|DRB111:01	equivalent	MHC class II protein complex	human	HLA-DRA chain	HLA-DRB1*11:01 chain		HLA-DR11 serotype
HLA-DRB1*11:02 protein complex	HLA-DRB1*11:02	HLA-DRB1*1102|DRB1*1102|DRB11102|DRB111:02	equivalent	MHC class II protein complex	human	HLA-DRA chain	HLA-DRB1*11:02 chain		HLA-DR11 serotype
HLA-DRB1*11:03 protein complex	HLA-DRB1*11:03	HLA-DRB1*1103|DRB1*1103|DRB11103|DRB111:03	equivalent	MHC class II protein complex	human	HLA-DRA chain	HLA-DRB1*11:03 chain		HLA-DR11 serotype
HLA-DRB1*11:04 protein complex	HLA-DRB1*11:04	HLA-DRB1*1104|HLA-DRB1*110401|DRB1*1104|DRB11104|DRB111:04	equivalent	MHC class II protein complex	human	HLA-DRA chain	HLA-DRB1*11:04 chain		HLA-DR11 serotype
HLA-DRB1*12:01 protein complex	HLA-DRB1*12:01	HLA-DRB1*1201|HLA-DRB1*120101|DRB1*1201|DRB11201|DRB112:01	equivalent	MHC class II protein complex	human	HLA-DRA chain	HLA-DRB1*12:01 chain		HLA-DR12 serotype
HLA-DRB1*12:02 protein complex	HLA-DRB1*12:02	DRB1*1202|DRB1*1202|DRB11202|DRB112:02	equivalent	MHC class II protein complex	human	HLA-DRA chain	HLA-DRB1*12:02 chain		HLA-DR12 serotype
HLA-DRB1*13:01 protein complex	HLA-DRB1*13:01	HLA-DRB1*1301|HLA-DRB1*130101|DRB1*1301|DRB11301|DRB113:01	equivalent	MHC class II protein complex	human	HLA-DRA chain	HLA-DRB1*13:01 chain		HLA-DR13 serotype
HLA-DRB1*13:02 protein complex	HLA-DRB1*13:02	HLA-DRB1*1302|HLA-DRB1*130201|DRB1*1302|DRB11302|DRB113:02	equivalent	MHC class II protein complex	human	HLA-DRA chain	HLA-DRB1*13:02 chain		HLA-DR13 serotype
HLA-DRB1*13:03 protein complex	HLA-DRB1*13:03	HLA-DRB1*1303|HLA-DRB1*130301|DRB1*1303|DRB11303|DRB113:03	equivalent	MHC class II protein complex	human	HLA-DRA chain	HLA-DRB1*13:03 chain		HLA-DR13 serotype
HLA-DRB1*13:04 protein complex	HLA-DRB1*13:04	HLA-DRB1*1304|DRB1*1304|DRB11304|DRB113:04	equivalent	MHC class II protein complex	human	HLA-DRA chain	HLA-DRB1*13:04 chain		HLA-DR13 serotype
HLA-DRB1*13:05 protein complex	HLA-DRB1*13:05	HLA-DRB1*1305|DRB1*1305|DRB11305|DRB113:05	equivalent	MHC class II protein complex	human	HLA-DRA chain	HLA-DRB1*13:05 chain		HLA-DR13 serotype
HLA-DRB1*13:07 protein complex	HLA-DRB1*13:07	HLA-DRB1*1307|DRB1*1307|DRB11307|DRB113:07	equivalent	MHC class II protein complex	human	HLA-DRA chain	HLA-DRB1*13:07 chain		HLA-DR6 serotype
HLA-DRB1*13:15 protein complex	HLA-DRB1*13:15	HLA-DRB1*1315|DRB1*1315|DRB11315|DRB113:15	equivalent	MHC class II protein complex	human	HLA-DRA chain	HLA-DRB1*13:15 chain		HLA-DR13 serotype
HLA-DRB1*13:68 protein complex	HLA-DRB1*13:68	HLA-DRB1*1368|DRB1*1368|DRB11368|DRB113:68	equivalent	MHC class II protein complex	human	HLA-DRA chain	HLA-DRB1*13:68 chain		HLA-DR13 serotype
HLA-DRB1*14:01 protein complex	HLA-DRB1*14:01	HLA-DRB1*1401|HLA-DRB1*140101|DRB1*1401|DRB11401|DRB114:01	equivalent	MHC class II protein complex	human	HLA-DRA chain	HLA-DRB1*14:01 chain		HLA-DR14 serotype
HLA-DRB1*14:02 protein complex	HLA-DRB1*14:02	HLA-DRB1*1402|DRB1*1402|DRB11402|DRB114:02	equivalent	MHC class II protein complex	human	HLA-DRA chain	HLA-DRB1*14:02 chain		HLA-DR14 serotype
HLA-DRB1*14:04 protein complex	HLA-DRB1*14:04	HLA-DRB1*1404|DRB1*1404|DRB11404|DRB114:04	equivalent	MHC class II protein complex	human	HLA-DRA chain	HLA-DRB1*14:04 chain		HLA-DR1404 serotype
HLA-DRB1*14:05 protein complex	HLA-DRB1*14:05	HLA-DRB1*1405|HLA-DRB1*140501|DRB1*1405|DRB11405|DRB114:05	equivalent	MHC class II protein complex	human	HLA-DRA chain	HLA-DRB1*14:05 chain		HLA-DR14 serotype
HLA-DRB1*14:09 protein complex	HLA-DRB1*14:09	HLA-DRB1*1409|DRB1*1409|DRB11409|DRB114:09	equivalent	MHC class II protein complex	human	HLA-DRA chain	HLA-DRB1*14:09 chain		HLA-DR14 serotype
HLA-DRB1*14:10 protein complex	HLA-DRB1*14:10	HLA-DRB1*1410|DRB1*1410|DRB11410|DRB114:10	equivalent	MHC class II protein complex	human	HLA-DRA chain	HLA-DRB1*14:10 chain		HLA-DR14 serotype
HLA-DRB1*14:54 protein complex	HLA-DRB1*14:54	HLA-DRB1*1454|DRB1*1454|DRB11454|DRB114:54	equivalent	MHC class II protein complex	human	HLA-DRA chain	HLA-DRB1*14:54 chain		
HLA-DRB1*15:01 protein complex	HLA-DRB1*15:01	HLA-DRB1*1501|HLA-DRB1*150101|DRB1*1501|DRB11501|DRB115:01	equivalent	MHC class II protein complex	human	HLA-DRA chain	HLA-DRB1*15:01 chain		HLA-DR15 serotype
HLA-DRB1*15:02 protein complex	HLA-DRB1*15:02	HLA-DRB1*1502|HLA-DRB1*150201|DRB1*1502|DRB11502|DRB115:02	equivalent	MHC class II protein complex	human	HLA-DRA chain	HLA-DRB1*15:02 chain		HLA-DR15 serotype
HLA-DRB1*15:03 protein complex	HLA-DRB1*15:03	HLA-DRB1*1503|DRB1*1503|DRB11503|DRB115:03	equivalent	MHC class II protein complex	human	HLA-DRA chain	HLA-DRB1*15:03 chain		HLA-DR15 serotype
HLA-DRB1*15:04 protein complex	HLA-DRB1*15:04	DRB1*1504|DRB11504|DRB115:04	equivalent	MHC class II protein complex	human	HLA-DRA chain	HLA-DRB1*15:04 chain		HLA-DR15 serotype
HLA-DRB1*16:01 protein complex	HLA-DRB1*16:01	HLA-DRB1*1601|DRB1*1601|DRB11601|DRB116:01	equivalent	MHC class II protein complex	human	HLA-DRA chain	HLA-DRB1*16:01 chain		HLA-DR16 serotype
HLA-DRB1*16:02 protein complex	HLA-DRB1*16:02	HLA-DRB1*1602|DRB1*1602|DRB11602|DRB116:02	equivalent	MHC class II protein complex	human	HLA-DRA chain	HLA-DRB1*16:02 chain		HLA-DR16 serotype
HLA-DRB3 protein complex	HLA-DRB3		equivalent	MHC class II protein complex	human	HLA-DRA chain	HLA-DRB3 chain		
HLA-DRB3*01:01 protein complex	HLA-DRB3*01:01	HLA-DR52a|HLA-DRB3*0101|HLA-DRB3*010101|DRB3*0101|DRB30101|DRB301:01	equivalent	MHC class II protein complex	human	HLA-DRA chain	HLA-DRB3*01:01 chain		HLA-DR52 serotype
HLA-DRB3*02:01 protein complex	HLA-DRB3*02:01	HLA-DRB3*0201|DRB3*0201|DRB30201|DRB302:01	equivalent	MHC class II protein complex	human	HLA-DRA chain	HLA-DRB3*02:01 chain		HLA-DR52 serotype
HLA-DRB3*02:02 protein complex	HLA-DRB3*02:02	HLA-DR52b|HLA-DRB3*0202|HLA-DRB3*020201|DRB3*0202|DRB30202|DRB302:02	equivalent	MHC class II protein complex	human	HLA-DRA chain	HLA-DRB3*02:02 chain		HLA-DR52 serotype
HLA-DRB3*03:01 protein complex	HLA-DRB3*03:01	HLA-DR52c|HLA-DRB3*0301|HLA-DRB3*030101|DRB3*0301|DRB30301|DRB303:01	equivalent	MHC class II protein complex	human	HLA-DRA chain	HLA-DRB3*03:01 chain		HLA-DR52 serotype
HLA-DRB4 protein complex	HLA-DRB4		equivalent	MHC class II protein complex	human	HLA-DRA chain	HLA-DRB4 chain		
HLA-DRB4*01:01 protein complex	HLA-DRB4*01:01	HLA-DRB4*0101|DRB4*0101|DRB40101|DRB401:01	equivalent	MHC class II protein complex	human	HLA-DRA chain	HLA-DRB4*01:01 chain		HLA-DR53 serotype
HLA-DRB4*01:02 protein complex	HLA-DRB4*01:02	HLA-DRB4*0102|DRB4*0102|DRB40102|DRB401:02	equivalent	MHC class II protein complex	human	HLA-DRA chain	HLA-DRB4*01:02 chain		HLA-DR53 serotype
HLA-DRB4*01:03 protein complex	HLA-DRB4*01:03	HLA-DRB4*0103|HLA-DRB4*01030101|DRB4*0103|DRB40103|DRB401:03	equivalent	MHC class II protein complex	human	HLA-DRA chain	HLA-DRB4*01:03 chain		HLA-DR53 serotype
HLA-DRB5 protein complex	HLA-DRB5		equivalent	MHC class II protein complex	human	HLA-DRA chain	HLA-DRB5 chain		
HLA-DRB5*01:01 protein complex	HLA-DRB5*01:01	HLA-DRB5*0101|DRB5*0101|DRB50101|DRB501:01	equivalent	MHC class II protein complex	human	HLA-DRA chain	HLA-DRB5*01:01 chain		HLA-DR51 serotype
HLA-DRB5*01:02 protein complex	HLA-DRB5*01:02	HLA-DRB5*0102|DRB5*0102|DRB50102|DRB501:02	equivalent	MHC class II protein complex	human	HLA-DRA chain	HLA-DRB5*01:02 chain		HLA-DR51 serotype
HLA-DRB5*02:02 protein complex	HLA-DRB5*02:02	HLA-DRB5*0201|HLA-DRB5*0202|DRB5*0202|DRB50202|DRB502:02	equivalent	MHC class II protein complex	human	HLA-DRA chain	HLA-DRB5*02:02 chain		HLA-DR51 serotype
HLA-E protein complex	HLA-E		equivalent	non-classical MHC protein complex	human	HLA-E chain	Beta-2-microglobulin		
HLA-E*01:01 protein complex	HLA-E*01:01	HLA-E*0101|E*0101|E0101|E01:01	equivalent	non-classical MHC protein complex	human	HLA-E*01:01 chain	Beta-2-microglobulin		
HLA-E*01:03 protein complex	HLA-E*01:03	HLA-E*0103|E*0103|E0103|E01:03	equivalent	non-classical MHC protein complex	human	HLA-E*01:03 chain	Beta-2-microglobulin		
HLA-G protein complex	HLA-G		equivalent	non-classical MHC protein complex	human	HLA-G chain	Beta-2-microglobulin		
HLA-G*01:01 protein complex	HLA-G*01:01	HLA-G*0101|G*0101|G0101|G01:01	equivalent	non-classical MHC protein complex	human	HLA-G*01:01 chain	Beta-2-microglobulin		
MHC class I protein complex	class I		subclass	MHC protein complex					
MHC class II protein complex	class II		subclass	MHC protein complex					
Mamu-A protein complex	Mamu-A		equivalent	MHC class I protein complex	rhesus macaque	Mamu-A chain	Beta-2-microglobulin		
Mamu-A*01 protein complex	Mamu-A*01	A01	equivalent	MHC class I protein complex	rhesus macaque	Mamu-A*01 chain	Beta-2-microglobulin		
Mamu-A*02 protein complex	Mamu-A*02	A02	equivalent	MHC class I protein complex	rhesus macaque	Mamu-A*02 chain	Beta-2-microglobulin		
Mamu-A*08 protein complex	Mamu-A*08	A08	equivalent	MHC class I protein complex	rhesus macaque	Mamu-A*08 chain	Beta-2-microglobulin		
Mamu-A*11 protein complex	Mamu-A*11	A11	equivalent	MHC class I protein complex	rhesus macaque	Mamu-A*11 chain	Beta-2-microglobulin		
Mamu-B protein complex	Mamu-B		equivalent	MHC class I protein complex	rhesus macaque	Mamu-B chain	Beta-2-microglobulin		
Mamu-B*01 protein complex	Mamu-B*01	B01	equivalent	MHC class I protein complex	rhesus macaque	Mamu-B*01 chain	Beta-2-microglobulin		
Mamu-B*029 protein complex	Mamu-B*029	B029	equivalent	MHC class I protein complex	rhesus macaque	Mamu-B*029 chain	Beta-2-microglobulin		
Mamu-B*03 protein complex	Mamu-B*03	B03	equivalent	MHC class I protein complex	rhesus macaque	Mamu-B*03 chain	Beta-2-microglobulin		
Mamu-B*04 protein complex	Mamu-B*04	B04	equivalent	MHC class I protein complex	rhesus macaque	Mamu-B*04 chain	Beta-2-microglobulin		
Mamu-B*08 protein complex	Mamu-B*08	B08	equivalent	MHC class I protein complex	rhesus macaque	Mamu-B*08 chain	Beta-2-microglobulin		
Mamu-B*12 protein complex	Mamu-B*12	B12	equivalent	MHC class I protein complex	rhesus macaque	Mamu-B*12 chain	Beta-2-microglobulin		
Mamu-B*17 protein complex	Mamu-B*17	B17	equivalent	MHC class I protein complex	rhesus macaque	Mamu-B*17 chain	Beta-2-microglobulin		
Mamu-DP protein complex	Mamu-DP		equivalent	MHC class II protein complex	rhesus macaque	Mamu-DPA chain	Mamu-DPB chain		
Mamu-DPB1*01:01 protein complex	Mamu-DPB1*01:01	Mamu-DPB1*0101|DPB1*0101|DPB10101|DPB101:01	equivalent	MHC class II protein complex	rhesus macaque	Mamu-DPA chain	Mamu-DPB1*01:01 chain		
Mamu-DR protein complex	Mamu-DR		equivalent	MHC class II protein complex	rhesus macaque	Mamu-DRA chain	Mamu-DRB chain		
Mamu-DRB*w2:01 protein complex	Mamu-DRB*w2:01	Mamu-DRBW2*0101|DRB*w201|DRBw201|DRBw2:01	equivalent	MHC class II protein complex	rhesus macaque	Mamu-DRA chain	Mamu-DRB*w2:01 chain		
Mamu-DRB1*03:03 protein complex	Mamu-DRB1*03:03	Mamu-DRB1*0303|DRB1*0303|DRB10303|DRB103:03	equivalent	MHC class II protein complex	rhesus macaque	Mamu-DRA chain	Mamu-DRB1*03:03 chain		
Mamu-DRB1*03:06 protein complex	Mamu-DRB1*03:06	Mamu-DRB1*0306|DRB1*0306|DRB10306|DRB103:06	equivalent	MHC class II protein complex	rhesus macaque	Mamu-DRA chain	Mamu-DRB1*03:06 chain		
Mamu-DRB1*03:08 protein complex	Mamu-DRB1*03:08	Mamu-DRB1*0308|DRB1*0308|DRB10308|DRB103:08	equivalent	MHC class II protein complex	rhesus macaque	Mamu-DRA chain	Mamu-DRB1*03:08 chain		
Mamu-DRB1*04:06 protein complex	Mamu-DRB1*04:06	Mamu-DRB1*0406|DRB1*0406|DRB10406|DRB104:06	equivalent	MHC class II protein complex	rhesus macaque	Mamu-DRA chain	Mamu-DRB1*04:06 chain		
Papa-A protein complex	Papa-A		equivalent	MHC class I protein complex	bonobo	Papa-A chain	Beta-2-microglobulin		
Papa-A*06:01 protein complex	Papa-A*06:01	Papa-A06|A*0601|A0601|A06:01	equivalent	MHC class I protein complex	bonobo	Papa-A*06:01 chain	Beta-2-microglobulin		
Patr-A protein complex	Patr-A		equivalent	MHC class I protein complex	chimpanzee	Patr-A chain	Beta-2-microglobulin		
Patr-A*01:01 protein complex	Patr-A*01:01	Patr-A*0101|A*0101|A0101|A01:01	equivalent	MHC class I protein complex	chimpanzee	Patr-A*01:01 chain	Beta-2-microglobulin		
Patr-A*03:01 protein complex	Patr-A*03:01	Patr-A*0301|A*0301|A0301|A03:01	equivalent	MHC class I protein complex	chimpanzee	Patr-A*03:01 chain	Beta-2-microglobulin		
Patr-A*04:01 protein complex	Patr-A*04:01	Patr-A*0401|A*0401|A0401|A04:01	equivalent	MHC class I protein complex	chimpanzee	Patr-A*04:01 chain	Beta-2-microglobulin		
Patr-A*04:02 protein complex	Patr-A*04:02	Patr-A*0402|A*0402|A0402|A04:02	equivalent	MHC class I protein complex	chimpanzee	Patr-A*04:02 chain	Beta-2-microglobulin		
Patr-A*05:01 protein complex	Patr-A*05:01	Patr-A*0501|A*0501|A0501|A05:01	equivalent	MHC class I protein complex	chimpanzee	Patr-A*05:01 chain	Beta-2-microglobulin		
Patr-A*06:01 protein complex	Patr-A*06:01	Patr-A*06|Patr-A*0601|A*0601|A0601|A06:01	equivalent	MHC class I protein complex	chimpanzee	Patr-A*06:01 chain	Beta-2-microglobulin		
Patr-A*06:02 protein complex	Patr-A*06:02	Patr-A*0602|A*0602|A0602|A06:02	equivalent	MHC class I protein complex	chimpanzee	Patr-A*06:02 chain	Beta-2-microglobulin		
Patr-A*07:01 protein complex	Patr-A*07:01	Patr-A*0701|A*0701|A0701|A07:01	equivalent	MHC class I protein complex	chimpanzee	Patr-A*07:01 chain	Beta-2-microglobulin		
Patr-A*09:01 protein complex	Patr-A*09:01	Patr-A*0901|A*0901|A0901|A09:01	equivalent	MHC class I protein complex	chimpanzee	Patr-A*09:01 chain	Beta-2-microglobulin		
Patr-A*11:01 protein complex	Patr-A*11:01	Patr-A*11|Patr-A*1101|A*1101|A1101|A11:01	equivalent	MHC class I protein complex	chimpanzee	Patr-A*11:01 chain	Beta-2-microglobulin		
Patr-A*14:01 protein complex	Patr-A*14:01	Patr-A*1401|A*1401|A1401|A14:01	equivalent	MHC class I protein complex	chimpanzee	Patr-A*14:01 chain	Beta-2-microglobulin		
Patr-AL protein complex	Patr-AL		equivalent	non-classical MHC protein complex	chimpanzee	Patr-AL chain	Beta-2-microglobulin		
Patr-B protein complex	Patr-B		equivalent	MHC class I protein complex	chimpanzee	Patr-B chain	Beta-2-microglobulin		
Patr-B*01:01 protein complex	Patr-B*01:01	Patr-B*0101|B*0101|B0101|B01:01	equivalent	MHC class I protein complex	chimpanzee	Patr-B*01:01 chain	Beta-2-microglobulin		
Patr-B*02:01 protein complex	Patr-B*02:01	Patr-B*0201|B*0201|B0201|B02:01	equivalent	MHC class I protein complex	chimpanzee	Patr-B*02:01 chain	Beta-2-microglobulin		
Patr-B*03:01 protein complex	Patr-B*03:01	Patr-B*0301|B*0301|B0301|B03:01	equivalent	MHC class I protein complex	chimpanzee	Patr-B*03:01 chain	Beta-2-microglobulin		
Patr-B*03:02 protein complex	Patr-B*03:02	Patr-B*0302|B*0302|B0302|B03:02	equivalent	MHC class I protein complex	chimpanzee	Patr-B*03:02 chain	Beta-2-microglobulin		
Patr-B*04:01 protein complex	Patr-B*04:01	Patr-B*0401|B*0401|B0401|B04:01	equivalent	MHC class I protein complex	chimpanzee	Patr-B*04:01 chain	Beta-2-microglobulin		
Patr-B*05:01 protein complex	Patr-B*05:01	Patr-B*0501|B*0501|B0501|B05:01	equivalent	MHC class I protein complex	chimpanzee	Patr-B*05:01 chain	Beta-2-microglobulin		
Patr-B*09:01 protein complex	Patr-B*09:01	Patr-B*0901|B*0901|B0901|B09:01	equivalent	MHC class I protein complex	chimpanzee	Patr-B*09:01 chain	Beta-2-microglobulin		
Patr-B*13:01 protein complex	Patr-B*13:01	Patr-B*13|Patr-B*1301|B*1301|B1301|B13:01	equivalent	MHC class I protein complex	chimpanzee	Patr-B*13:01 chain	Beta-2-microglobulin		
Patr-B*14:01 protein complex	Patr-B*14:01	Patr-B*1401|B*1401|B1401|B14:01	equivalent	MHC class I protein complex	chimpanzee	Patr-B*14:01 chain	Beta-2-microglobulin		
Patr-B*16:01 protein complex	Patr-B*16:01	Patr-B*16|Patr-B*1601|B*1601|B1601|B16:01	equivalent	MHC class I protein complex	chimpanzee	Patr-B*16:01 chain	Beta-2-microglobulin		
Patr-B*16:02 protein complex	Patr-B*16:02	Patr-B*1602|B*1602|B1602|B16:02	equivalent	MHC class I protein complex	chimpanzee	Patr-B*16:02 chain	Beta-2-microglobulin		
Patr-B*17:01 protein complex	Patr-B*17:01	Patr-B*1701|B*1701|B1701|B17:01	equivalent	MHC class I protein complex	chimpanzee	Patr-B*17:01 chain	Beta-2-microglobulin		
Patr-B*20:01 protein complex	Patr-B*20:01	Patr-B*2001|B*2001|B2001|B20:01	equivalent	MHC class I protein complex	chimpanzee	Patr-B*20:01 chain	Beta-2-microglobulin		
Patr-B*23:01 protein complex	Patr-B*23:01	Patr-B*2301|B*2301|B2301|B23:01	equivalent	MHC class I protein complex	chimpanzee	Patr-B*23:01 chain	Beta-2-microglobulin		
Patr-B*23:02 protein complex	Patr-B*23:02	Patr-B*2302|B*2302|B2302|B23:02	equivalent	MHC class I protein complex	chimpanzee	Patr-B*23:02 chain	Beta-2-microglobulin		
Patr-B*24:01 protein complex	Patr-B*24:01	Patr-B*2401|B*2401|B2401|B24:01	equivalent	MHC class I protein complex	chimpanzee	Patr-B*24:01 chain	Beta-2-microglobulin		
Patr-C protein complex	Patr-C		equivalent	MHC class I protein complex	chimpanzee	Patr-C chain	Beta-2-microglobulin		
Patr-C*02:03 protein complex	Patr-C*02:03	Patr-C*0203|C*0203|C0203|C02:03	equivalent	MHC class I protein complex	chimpanzee	Patr-C*02:03 chain	Beta-2-microglobulin		
Patr-C*04:01 protein complex	Patr-C*04:01	Patr-C*0401|C*0401|C0401|C04:01	equivalent	MHC class I protein complex	chimpanzee	Patr-C*04:01 chain	Beta-2-microglobulin		
Patr-C*05:02 protein complex	Patr-C*05:02	Patr-C*0502|C*0502|C0502|C05:02	equivalent	MHC class I protein complex	chimpanzee	Patr-C*05:02 chain	Beta-2-microglobulin		
Patr-C*06:01 protein complex	Patr-C*06:01	Patr-C*0601|C*0601|C0601|C06:01	equivalent	MHC class I protein complex	chimpanzee	Patr-C*06:01 chain	Beta-2-microglobulin		
Patr-DR protein complex	Patr-DR		equivalent	MHC class II protein complex	chimpanzee	Patr-DRA chain	Patr-DRB chain		
Patr-DRB1*03:08 protein complex	Patr-DRB1*03:08	DRB1*0308|DRB10308|DRB103:08	equivalent	MHC class II protein complex	chimpanzee	Patr-DRA chain	Patr-DRB1*03:08 chain		
Patr-DRB1*07:01 protein complex	Patr-DRB1*07:01	Patr-DRB1*0701|DRB1*0701|DRB10701|DRB107:01	equivalent	MHC class II protein complex	chimpanzee	Patr-DRA chain	Patr-DRB1*07:01 chain		
Patr-DRB1*10:01 protein complex	Patr-DRB1*10:01	Patr-DRB1*1001|DRB1*1001|DRB11001|DRB110:01	equivalent	MHC class II protein complex	chimpanzee	Patr-DRA chain	Patr-DRB1*10:01 chain		
Patr-DRB5*03:10 protein complex	Patr-DRB5*03:10	Patr-DRB5*0310|DRB5*0310|DRB50310|DRB503:10	equivalent	MHC class II protein complex	chimpanzee	Patr-DRA chain	Patr-DRB5*03:10 chain		
SLA-1 protein complex	SLA-1		equivalent	MHC class I protein complex	pig	SLA-1 chain	Beta-2-microglobulin		
SLA-1*0401 protein complex	SLA-1*0401	10401	equivalent	MHC class I protein complex	pig	SLA-1*0401 chain	Beta-2-microglobulin		
SLA-1*1502 protein complex	SLA-1*1502	11502	equivalent	MHC class I protein complex	pig	SLA-1*1502 chain	Beta-2-microglobulin		
SLA-2 protein complex	SLA-2		equivalent	MHC class I protein complex	pig	SLA-2 chain	Beta-2-microglobulin		
SLA-2*0401 protein complex	SLA-2*0401	20401	equivalent	MHC class I protein complex	pig	SLA-2*0401 chain	Beta-2-microglobulin		
Saoe-G protein complex	Saoe-G		equivalent	MHC class I protein complex	cotton-top tamarin	Saoe-G chain	Beta-2-microglobulin		
Saoe-G*02 protein complex	Saoe-G*02	G02	equivalent	MHC class I protein complex	cotton-top tamarin	Saoe-G*02 chain	Beta-2-microglobulin		
Saoe-G*04 protein complex	Saoe-G*04	G04	equivalent	MHC class I protein complex	cotton-top tamarin	Saoe-G*04 chain	Beta-2-microglobulin		
Saoe-G*08 protein complex	Saoe-G*08	G08	equivalent	MHC class I protein complex	cotton-top tamarin	Saoe-G*08 chain	Beta-2-microglobulin		
Saoe-G*12 protein complex	Saoe-G*12	G12	equivalent	MHC class I protein complex	cotton-top tamarin	Saoe-G*12 chain	Beta-2-microglobulin		
YF1w*7.1 protein complex	YF1w*7.1	YF1*7.1|YF1w7.1	equivalent	non-classical MHC protein complex	chicken	YF1w*7.1 chain		YF1 haplotype	
bonobo MHC class I protein complex	bonobo		equivalent	MHC class I protein complex	bonobo				
cattle CD1b3 protein complex	cattle CD1b3	boCD1b3|cowCD1b3	equivalent	non-classical MHC protein complex	cattle	cattle CD1b3 chain	Beta-2-microglobulin		
cattle CD1d protein complex	cattle CD1d	boCD1d|cowCD1d	equivalent	non-classical MHC protein complex	cattle	cattle CD1d chain	Beta-2-microglobulin		
cattle MHC class I protein complex	cattle		equivalent	MHC class I protein complex	cattle				
cattle MHC class II protein complex	cattle		equivalent	MHC class II protein complex	cattle				
cattle MR1 protein complex	cattle MR1	boMR1|cowMR1	equivalent	non-classical MHC protein complex	cattle	cattle MR1 chain	Beta-2-microglobulin		
cattle non-classical MHC protein complex	cattle		equivalent	non-classical MHC protein complex	cattle				
chicken CD1-1 protein complex	chicken CD1-1	CD1.1|cCD1-1	equivalent	non-classical MHC protein complex	chicken	chicken CD1-1 chain	Beta-2-microglobulin		
chicken CD1-2 protein complex	chicken CD1-2	CD1.2|cCD1-2	equivalent	non-classical MHC protein complex	chicken	chicken CD1-2 chain	Beta-2-microglobulin		
chicken MHC class I protein complex	chicken		equivalent	MHC class I protein complex	chicken				
chicken non-classical MHC protein complex	chicken		equivalent	non-classical MHC protein complex	chicken				
chimpanzee MHC class I protein complex	chimpanzee		equivalent	MHC class I protein complex	chimpanzee				
chimpanzee MHC class II protein complex	chimpanzee		equivalent	MHC class II protein complex	chimpanzee				
chimpanzee non-classical MHC protein complex	chimpanzee		equivalent	non-classical MHC protein complex	chimpanzee				
cotton-top tamarin MHC class I protein complex	cotton-top tamarin		equivalent	MHC class I protein complex	cotton-top tamarin				
dog MHC class I protein complex	dog		equivalent	MHC class I protein complex	dog				
gorilla MHC class I protein complex	gorilla		equivalent	MHC class I protein complex	gorilla				
horse MHC class I protein complex	horse		equivalent	MHC class I protein complex	horse				
human BTN3A1 protein complex	human BTN3A1	Butyrophilin BTN3A1	equivalent	non-classical MHC protein complex	human	human BTN3A1 chain			
human CD1a protein complex	human CD1a	HLA-CD1a|hCD1a	equivalent	non-classical MHC protein complex	human	human CD1a chain	Beta-2-microglobulin		
human CD1b protein complex	human CD1b	HLA-CD1b|hCD1b	equivalent	non-classical MHC protein complex	human	human CD1b chain	Beta-2-microglobulin		
human CD1c protein complex	human CD1c	HLA-CD1c|hCD1c	equivalent	non-classical MHC protein complex	human	human CD1c chain	Beta-2-microglobulin		
human CD1d protein complex	human CD1d	HLA-CD1d|hCD1d	equivalent	non-classical MHC protein complex	human	human CD1d chain	Beta-2-microglobulin		
human MHC class I protein complex	human		equivalent	MHC class I protein complex	human				
human MHC class II protein complex	human		equivalent	MHC class II protein complex	human				
human MR1 K43A mutant protein complex	human MR1 K43A mutant	HLA-MR1 K43A mutant|hMR1 K43A mutant	equivalent	non-classical MHC protein complex	human	human MR1 K43A mutant chain	Beta-2-microglobulin		
human MR1 protein complex	human MR1	HLA-MR1|hMR1	equivalent	non-classical MHC protein complex	human	human MR1 chain	Beta-2-microglobulin		
human non-classical MHC protein complex	human		equivalent	non-classical MHC protein complex	human				
mouse CD1d protein complex	mouse CD1d	mCD1d	equivalent	non-classical MHC protein complex	mouse	mouse CD1d chain	Beta-2-microglobulin		
mouse MHC class I protein complex	mouse		equivalent	MHC class I protein complex	mouse				
mouse MHC class II protein complex	mouse		equivalent	MHC class II protein complex	mouse				
mouse MR1 protein complex	mouse MR1	mMR1	equivalent	non-classical MHC protein complex	mouse	mouse MR1 chain	Beta-2-microglobulin		
mouse non-classical MHC protein complex	mouse		equivalent	non-classical MHC protein complex	mouse				
non-classical MHC protein complex	non-classical		subclass	MHC protein complex					
pig MHC class I protein complex	pig		equivalent	MHC class I protein complex	pig				
rhesus macaque MHC class I protein complex	rhesus macaque		equivalent	MHC class I protein complex	rhesus macaque				
rhesus macaque MHC class II protein complex	rhesus macaque		equivalent	MHC class II protein complex	rhesus macaque				
